Year,State,Enrollment,Graduation_Rate,Education_Budget
2024,Gujarat,1712630,77,346315526
2015,Delhi,1323016,89,526460557
2023,Maharashtra,1598178,86,217969855
2021,Karnataka,1994787,82,517897221
2019,Karnataka,1692746,77,629692923
2018,Tamil Nadu,1055099,65,751308325
2015,Karnataka,1431307,86,587264632
2019,Delhi,1140759,73,512157144
2021,Delhi,1333343,85,311537424
2018,Tamil Nadu,1441166,74,326641722
2019,Maharashtra,1617562,86,260010734
2018,Gujarat,856557,79,240786212
2019,Delhi,1316455,85,779251379
2015,Karnataka,1019360,71,497749321
2021,Karnataka,815880,67,602304613
2019,Delhi,1353782,65,487384949
2015,Tamil Nadu,1914437,77,595842861
2016,Tamil Nadu,1746737,65,566689800
2016,Gujarat,1220791,80,586201207
2023,Delhi,1134242,80,577687723
2020,Gujarat,1960325,80,750580539
2022,Karnataka,879891,71,515892488
2023,Delhi,1266059,70,761717491
2024,Karnataka,1026459,69,208750809
2020,Gujarat,845467,69,449937346
2019,Gujarat,1764956,89,363907968
2018,Tamil Nadu,1775969,79,546309801
2020,Tamil Nadu,1368040,85,259165204
2015,Maharashtra,1461047,73,719367177
2022,Delhi,1448739,75,501408955
2016,Karnataka,1498356,79,551865847
2024,Gujarat,1116349,73,478576454
2017,Delhi,1445142,78,528864032
2017,Tamil Nadu,839444,75,532210662
2017,Gujarat,1971425,81,513707835
2023,Karnataka,1640789,78,306271087
2018,Maharashtra,1267638,76,525327222
2015,Karnataka,1540990,78,665646240
2022,Delhi,1211633,70,367680039
2023,Gujarat,1944211,84,714369347
2023,Tamil Nadu,1479312,85,553923206
2023,Maharashtra,1457436,78,294323411
2021,Karnataka,1703151,79,271035478
2019,Gujarat,1117394,81,500947492
2021,Maharashtra,1052736,86,795357100
2016,Tamil Nadu,1949677,65,286523816
2016,Maharashtra,1269774,69,537878952
2022,Tamil Nadu,1285816,71,629820392
2019,Delhi,1448160,89,722726231
2023,Tamil Nadu,1908446,74,454051824
2021,Tamil Nadu,837178,80,445930011
2017,Delhi,1132394,86,748828744
2022,Maharashtra,897526,86,413771637
2020,Delhi,1178185,87,468163179
2022,Tamil Nadu,1352008,69,705886501
2021,Maharashtra,1483287,85,685987653
2023,Delhi,1381506,74,360201863
2023,Tamil Nadu,1158100,78,563877758
2016,Maharashtra,889269,65,694106929
2023,Maharashtra,939115,89,753589394
2024,Gujarat,1146432,75,741897985
2019,Karnataka,1467722,90,347863170
2022,Maharashtra,1241158,71,381758362
2017,Maharashtra,1940868,74,655271299
2024,Gujarat,1118464,67,231106023
2018,Gujarat,858509,83,591924705
2022,Gujarat,1235045,65,787368368
2018,Tamil Nadu,1960116,65,321387782
2017,Gujarat,1034851,88,797431763
2017,Gujarat,1027928,72,501613164
2021,Delhi,1630258,89,796566878
2021,Maharashtra,1683735,75,541066529
2022,Gujarat,1131786,89,423298118
2020,Gujarat,1705879,84,444325058
2019,Karnataka,944066,90,578419367
2022,Delhi,1713859,88,580461071
2023,Delhi,1764009,68,318566711
2019,Gujarat,1179434,70,594719604
2017,Maharashtra,1650517,74,438818108
2018,Tamil Nadu,1167074,89,749011738
2017,Delhi,1196852,86,555966841
2016,Maharashtra,921231,66,686425276
2020,Maharashtra,1022988,81,322961794
2024,Karnataka,1500900,84,629238701
2022,Karnataka,1682986,76,222232572
2024,Karnataka,1247527,67,662720363
2021,Maharashtra,1919877,86,469288139
2018,Gujarat,1595690,69,541470444
2024,Gujarat,1687372,76,502709617
2023,Tamil Nadu,830520,84,350858249
2016,Karnataka,1054420,76,660925427
2016,Karnataka,1886569,68,765013842
2018,Karnataka,1503474,80,679869243
2018,Gujarat,842538,73,356387689
2016,Maharashtra,1489383,66,658249548
2024,Karnataka,882203,78,564856967
2021,Tamil Nadu,929155,80,216916095
2024,Gujarat,807202,70,251776395
2017,Gujarat,1222200,80,754053999
2019,Maharashtra,1625912,81,249547167
2023,Delhi,1068613,88,539909105
2020,Delhi,807548,85,274195685
2018,Maharashtra,1979353,65,323689466
2016,Delhi,1589461,69,380206184
2024,Karnataka,993103,82,659712474
2024,Karnataka,1997955,68,654365667
2020,Gujarat,1120338,70,489580691
2017,Maharashtra,1667937,88,374970158
2024,Karnataka,1212791,80,332763112
2022,Karnataka,1379238,68,439037666
2021,Karnataka,1105718,68,604783466
2017,Gujarat,1289974,69,330022763
2023,Maharashtra,1097839,77,405869929
2019,Delhi,962712,76,756219612
2017,Karnataka,1612126,81,712626213
2020,Tamil Nadu,1037432,70,684054068
2021,Gujarat,1881210,81,429763794
2016,Gujarat,1153640,76,318061231
2019,Gujarat,1353261,79,215067408
2018,Karnataka,1738745,73,779915407
2021,Delhi,1194511,82,229784963
2017,Karnataka,915159,87,278156167
2020,Maharashtra,1958892,83,504277815
2017,Karnataka,1242047,81,203929377
2018,Delhi,967769,82,259304411
2024,Maharashtra,1100408,83,374493999
2024,Maharashtra,1867014,68,546721329
2020,Karnataka,1345586,73,216311251
2016,Gujarat,881983,90,238693817
2022,Delhi,1088474,71,668312078
2015,Maharashtra,1482782,78,275594535
2024,Tamil Nadu,1401473,87,626984851
2019,Gujarat,1392831,77,508383184
2019,Gujarat,1916714,67,594774214
2016,Maharashtra,1331869,72,312347656
2021,Karnataka,1321342,69,414958946
2018,Gujarat,1080177,87,327745156
2015,Gujarat,1769893,74,227645692
2017,Tamil Nadu,892202,76,272290961
2020,Gujarat,1838827,85,393585595
2018,Gujarat,1635518,86,325027862
2019,Karnataka,1779472,75,514001562
2020,Tamil Nadu,1556805,69,598638382
2023,Gujarat,1759152,83,398132839
2018,Karnataka,1091883,77,485331591
2017,Gujarat,1635722,67,470773933
2015,Maharashtra,1822695,75,746853110
2021,Delhi,1633213,77,668195889
2022,Maharashtra,1892667,70,628407578
2020,Tamil Nadu,1214912,66,553338669
2019,Karnataka,1189465,74,253996626
2015,Delhi,818692,82,254233010
2019,Gujarat,1587683,75,564524887
2021,Maharashtra,1965165,79,681573790
2017,Maharashtra,1208273,84,649116462
2020,Maharashtra,1041375,78,767853317
2020,Tamil Nadu,1252615,73,471609298
2019,Maharashtra,861815,73,214794543
2015,Maharashtra,923344,70,655402520
2023,Gujarat,938112,75,536275896
2016,Maharashtra,992564,73,644523538
2015,Delhi,1580388,67,370805646
2021,Tamil Nadu,1762826,65,291526802
2020,Karnataka,1391695,90,432363779
2024,Maharashtra,1886498,69,647650597
2024,Delhi,964390,86,779053311
2017,Karnataka,1614962,89,737932659
2024,Maharashtra,1229435,81,395166384
2016,Maharashtra,1894129,65,594635901
2024,Karnataka,1698648,84,220869728
2020,Tamil Nadu,907590,78,785823870
2016,Tamil Nadu,1836927,82,738190282
2017,Delhi,1958349,80,562267677
2016,Gujarat,986791,90,649450488
2023,Tamil Nadu,957105,81,243751543
2024,Tamil Nadu,1448807,72,305609232
2019,Maharashtra,1329684,84,212492001
2023,Maharashtra,1371154,81,201603212
2017,Maharashtra,1262056,73,420391112
2019,Maharashtra,892282,90,662551713
2023,Karnataka,1830387,79,504898028
2017,Tamil Nadu,832364,86,794840727
2018,Delhi,1406848,83,608032328
2021,Maharashtra,1642154,71,221130366
2022,Maharashtra,1780806,67,415817553
2018,Tamil Nadu,1435053,89,700752901
2021,Tamil Nadu,1012427,71,248402087
2015,Gujarat,1294626,88,644609615
2023,Gujarat,1263487,79,308838661
2019,Delhi,1399178,71,246289821
2020,Karnataka,1666550,75,596667649
2024,Gujarat,1515250,76,599880788
2015,Delhi,1069967,71,511695498
2021,Karnataka,1369900,77,701554553
2017,Karnataka,1641856,90,636922164
2021,Tamil Nadu,1690429,82,741755783
2020,Tamil Nadu,1481003,72,680817359
2019,Tamil Nadu,1865875,65,330824871
2018,Karnataka,1989227,90,408483833
2017,Tamil Nadu,1778062,67,348990513
2023,Tamil Nadu,1503729,70,449985983
2017,Karnataka,1805073,82,675271800
2022,Karnataka,1211025,85,416955637
2023,Gujarat,1655053,67,720147102
2016,Maharashtra,1947091,65,740956673
2018,Tamil Nadu,1253329,84,442653024
2018,Maharashtra,881657,74,289066255
2017,Maharashtra,1653441,81,349966005
2017,Gujarat,802321,71,694862950
2015,Karnataka,1887277,68,637860829
2016,Maharashtra,1760713,76,379682045
2021,Tamil Nadu,1883171,87,778554698
2018,Tamil Nadu,1187413,84,732492997
2021,Delhi,1307651,85,350392312
2020,Delhi,1825553,87,249369722
2017,Delhi,1785953,70,206694957
2021,Tamil Nadu,1399032,65,460445914
2019,Delhi,856690,80,260998544
2023,Gujarat,1061614,68,432379162
2019,Maharashtra,1356203,85,335168266
2023,Karnataka,1032886,85,443555699
2018,Gujarat,1223612,81,252119667
2015,Delhi,1756527,80,664221039
2021,Gujarat,1843143,86,749808111
2020,Tamil Nadu,1422145,76,701777090
2024,Karnataka,1732453,79,674338855
2016,Delhi,1902259,69,471677191
2020,Delhi,989328,76,671532600
2018,Tamil Nadu,1735628,79,772435769
2024,Gujarat,1821009,87,764506870
2016,Tamil Nadu,1864586,78,630346520
2015,Tamil Nadu,1771540,71,706457706
2019,Delhi,960867,69,432935289
2015,Maharashtra,1233457,86,307940081
2020,Maharashtra,1898913,82,281998373
2016,Maharashtra,1259300,65,470265148
2015,Karnataka,1908346,79,249734617
2020,Delhi,1604037,81,335235293
2017,Gujarat,1581192,68,547974664
2017,Tamil Nadu,1077909,81,768519716
2016,Delhi,1727137,84,478186295
2023,Maharashtra,988326,89,345860954
2018,Gujarat,1884359,67,510980980
2017,Karnataka,1626112,76,251536443
2023,Maharashtra,1767616,74,211515290
2021,Tamil Nadu,1677919,77,619585323
2017,Delhi,1209405,82,799150471
2024,Karnataka,951292,74,580969128
2023,Maharashtra,1426437,80,529576426
2018,Tamil Nadu,1328601,89,366300871
2020,Delhi,1151861,90,424271501
2022,Delhi,1902862,67,718225701
2016,Karnataka,1411969,66,300931173
2017,Maharashtra,842218,87,270836199
2021,Tamil Nadu,1283970,72,212532516
2023,Maharashtra,1028196,87,575461610
2019,Gujarat,1087647,79,271646532
2024,Delhi,1562242,75,211044691
2023,Karnataka,1402943,72,684192833
2016,Delhi,1269667,81,716556491
2015,Gujarat,1321324,87,375071710
2021,Maharashtra,1654301,89,757774715
2020,Delhi,1223215,85,546673042
2021,Tamil Nadu,807194,82,563711281
2018,Tamil Nadu,1339198,69,762366425
2024,Karnataka,1527007,74,776478717
2016,Maharashtra,1621081,80,247774888
2024,Gujarat,1371415,90,275395880
2016,Delhi,1086432,77,786680808
2018,Karnataka,1748538,86,675734188
2016,Gujarat,1502666,77,645053702
2017,Gujarat,864168,77,768004892
2022,Maharashtra,1216845,73,576971824
2023,Delhi,1308876,71,234197984
2015,Tamil Nadu,910430,71,319437060
2015,Delhi,1411753,79,378646948
2017,Maharashtra,1899425,75,775670605
2015,Delhi,1607601,85,709215127
2018,Tamil Nadu,1311939,69,417826553
2020,Gujarat,1929688,79,794106889
2018,Tamil Nadu,1720983,79,415047595
2020,Gujarat,1859873,71,792969115
2019,Karnataka,1798264,66,522587566
2019,Gujarat,1410577,72,769101513
2019,Gujarat,845380,81,438192758
2018,Maharashtra,868397,88,761984421
2023,Maharashtra,1385444,90,575716822
2018,Gujarat,1519549,81,494522516
2019,Maharashtra,1635579,72,319373176
2019,Tamil Nadu,1545257,67,514485793
2015,Tamil Nadu,1177211,78,343621947
2023,Tamil Nadu,1710065,83,472231187
2024,Maharashtra,1120521,80,403968516
2024,Maharashtra,1331673,87,666163754
2023,Maharashtra,1163230,81,585963166
2021,Delhi,1988216,77,244318720
2021,Maharashtra,1756823,81,204627026
2021,Tamil Nadu,1016699,77,677839105
2017,Maharashtra,1833696,71,543192411
2015,Karnataka,1793909,70,261288932
2023,Gujarat,1061304,68,344960214
2020,Gujarat,1800106,87,566651882
2015,Maharashtra,1022000,70,652170671
2019,Karnataka,1994262,69,338409842
2021,Gujarat,1132617,72,413000319
2023,Karnataka,1159397,89,287772799
2021,Tamil Nadu,1756157,70,261397188
2024,Gujarat,1971940,77,550105485
2015,Gujarat,1272440,85,570488326
2024,Tamil Nadu,1788883,87,444074986
2016,Delhi,1201970,68,333988856
2019,Gujarat,1483463,73,569007506
2019,Karnataka,1766429,76,647665296
2016,Delhi,1760853,69,303668617
2019,Karnataka,1540901,87,458493929
2019,Delhi,1734220,89,278086393
2019,Karnataka,1284188,86,210772854
2024,Gujarat,1545345,80,772966487
2015,Gujarat,1718418,77,567434695
2022,Tamil Nadu,1549692,81,486229792
2019,Gujarat,1709835,71,277583576
2022,Tamil Nadu,1136543,76,343948785
2022,Karnataka,1887480,71,518920451
2015,Gujarat,1341384,85,242327675
2019,Karnataka,1175132,82,702101087
2022,Gujarat,1234516,90,361081497
2021,Gujarat,1535579,69,324389636
2023,Tamil Nadu,1605432,80,448800011
2021,Maharashtra,1892464,74,259946960
2022,Tamil Nadu,1668768,74,663735492
2021,Tamil Nadu,1110560,75,591529313
2015,Delhi,1288349,70,404451943
2019,Gujarat,1082445,67,490120589
2019,Gujarat,1751540,69,780556197
2015,Maharashtra,1553433,72,652829915
2018,Karnataka,1671402,83,730651969
2016,Tamil Nadu,1780233,88,474595653
2020,Karnataka,1630855,75,475896428
2019,Gujarat,1424496,86,496247476
2016,Maharashtra,1335752,68,298223403
2015,Tamil Nadu,1584700,67,310376901
2017,Delhi,1243649,84,674544785
2023,Tamil Nadu,1004991,86,277570584
2018,Gujarat,1813280,76,422925205
2023,Gujarat,922235,70,243910024
2023,Tamil Nadu,1845525,78,615516700
2016,Maharashtra,1090783,68,641853633
2022,Delhi,978580,88,659056238
2018,Karnataka,1926954,76,506059026
2015,Delhi,1926931,80,441426173
2016,Karnataka,1749462,65,581068308
2020,Tamil Nadu,916312,74,358928388
2023,Maharashtra,1975156,67,345482293
2024,Karnataka,1167307,67,690425143
2024,Delhi,1689339,68,483747252
2019,Gujarat,1945085,71,700279136
2021,Maharashtra,1656061,83,345033482
2020,Maharashtra,1313444,90,340605405
2021,Maharashtra,1656608,81,296424852
2015,Maharashtra,912532,68,378973902
2017,Delhi,1508203,70,309071234
2016,Delhi,1549541,75,384807496
2021,Tamil Nadu,1234308,72,337491729
2019,Gujarat,948336,86,547378621
2016,Delhi,1532254,69,782044875
2021,Karnataka,1189979,87,581213397
2016,Maharashtra,1453689,85,782497411
2017,Maharashtra,834720,76,736330461
2016,Maharashtra,1813903,82,438509619
2015,Gujarat,1290472,73,219181811
2019,Maharashtra,1725766,78,252854961
2017,Gujarat,1768248,66,720317476
2023,Delhi,815304,87,306193054
2019,Delhi,1109170,73,527195619
2021,Maharashtra,1180852,76,257954686
2016,Delhi,1987146,84,643630558
2020,Karnataka,1534082,87,366329373
2017,Tamil Nadu,1077541,71,689466916
2020,Delhi,1949493,75,535542958
2017,Tamil Nadu,838350,76,404168514
2022,Gujarat,1920846,82,461926129
2018,Tamil Nadu,1188728,66,214015654
2017,Maharashtra,1227758,73,484757685
2015,Karnataka,1485215,76,550975649
2022,Gujarat,1900228,89,742487711
2015,Maharashtra,1556204,76,397741436
2021,Tamil Nadu,1778006,73,485433840
2019,Gujarat,833051,83,446044666
2015,Maharashtra,1304352,84,792871593
2017,Delhi,1714241,75,665630219
2023,Karnataka,1811167,83,262861146
2019,Tamil Nadu,1022297,72,545702182
2015,Delhi,1149840,74,664427633
2015,Gujarat,1656740,83,772327915
2017,Delhi,1580399,69,754895704
2019,Maharashtra,1529921,75,207148415
2016,Maharashtra,1576230,89,523087601
2024,Tamil Nadu,1842372,72,554650110
2024,Maharashtra,1399743,84,382433863
2019,Gujarat,814574,87,272435556
2021,Maharashtra,1892300,77,484804670
2022,Karnataka,1838014,88,756170302
2019,Maharashtra,1114072,70,642336553
2017,Delhi,1395865,88,790077935
2017,Gujarat,898693,86,207776205
2023,Tamil Nadu,1017022,66,371202429
2017,Tamil Nadu,1757803,75,203999648
2018,Maharashtra,847810,69,798240878
2016,Karnataka,1081588,82,368306591
2020,Gujarat,1099667,68,665149723
2019,Tamil Nadu,1553267,72,343943870
2020,Gujarat,1370095,88,491787119
2016,Delhi,950735,70,477850326
2019,Karnataka,977237,88,705254643
2019,Tamil Nadu,1678819,82,624521898
2022,Delhi,1583169,75,781791878
2023,Karnataka,1494589,66,425444152
2021,Tamil Nadu,1552064,84,619842244
2019,Tamil Nadu,1413667,81,680102641
2022,Maharashtra,1439844,73,770400089
2016,Maharashtra,1278149,81,693291288
2022,Gujarat,1798423,88,466832741
2021,Delhi,918996,74,600584165
2018,Maharashtra,1635599,84,235170228
2018,Maharashtra,1619505,83,774964183
2022,Tamil Nadu,947249,75,448396515
2021,Delhi,1947160,73,353692425
2024,Maharashtra,1044842,67,298277306
2022,Delhi,1931026,76,667619352
2015,Karnataka,1917956,86,724173623
2019,Gujarat,1426420,75,258748292
2015,Gujarat,1863909,69,673938527
2021,Gujarat,1640403,66,482219530
2023,Tamil Nadu,1744527,77,255717766
2015,Gujarat,1280705,78,620369489
2022,Gujarat,962368,67,279807104
2021,Delhi,1513475,67,540245295
2022,Delhi,1921074,84,616672599
2015,Gujarat,1244653,69,536822211
2022,Tamil Nadu,821605,66,566445232
2017,Maharashtra,1293818,77,349519865
2023,Karnataka,1929992,79,265753103
2024,Gujarat,1697295,71,541666812
2018,Delhi,1311032,73,782373422
2023,Delhi,1704825,70,215902630
2024,Delhi,1663692,83,639348959
2022,Delhi,1960641,66,471495698
2022,Maharashtra,1589459,73,337505835
2018,Gujarat,1409422,86,356175341
2018,Maharashtra,1737694,70,208530873
2015,Tamil Nadu,1359026,72,232171289
2018,Maharashtra,1724539,65,340944703
2017,Delhi,1049168,73,763932556
2024,Tamil Nadu,1198481,73,586869011
2019,Tamil Nadu,1471305,75,783573679
2020,Gujarat,952068,70,311050516
2023,Tamil Nadu,1113503,82,523289712
2022,Tamil Nadu,1744183,74,299422198
2022,Tamil Nadu,974141,89,607805455
2021,Delhi,1870065,75,717358904
2023,Delhi,1191333,67,227935910
2020,Tamil Nadu,1381766,68,230329051
2021,Karnataka,1678444,89,370606033
2022,Gujarat,1026654,74,297173675
2023,Gujarat,963181,81,230714516
2021,Gujarat,1339303,68,751470221
2023,Maharashtra,809723,82,588927053
2018,Gujarat,1976562,69,641695682
2017,Maharashtra,1044766,72,521540770
2021,Karnataka,1904422,65,232016542
2018,Gujarat,992552,86,357590262
2015,Maharashtra,1214660,90,642995072
2024,Tamil Nadu,1364407,66,554355789
2021,Delhi,1023574,67,543976629
2015,Gujarat,1017340,85,429532802
2015,Karnataka,1759505,83,645412061
2018,Maharashtra,1046176,68,469716623
2017,Gujarat,1090146,68,273113733
2020,Tamil Nadu,1001415,70,237956810
2015,Tamil Nadu,1780906,81,331640081
2022,Delhi,1648858,87,572144344
2019,Karnataka,1688638,82,472834694
2016,Maharashtra,1125376,87,442781544
2020,Tamil Nadu,905059,75,322742276
2021,Tamil Nadu,1670980,71,264793649
2023,Maharashtra,1498051,86,475770676
2019,Delhi,848014,81,240464235
2018,Gujarat,1831779,77,510339579
2018,Karnataka,1278564,89,531689569
2015,Gujarat,1173477,66,597151357
2017,Gujarat,931023,88,658199254
2024,Delhi,1154457,88,737754875
2015,Delhi,968688,67,326195420
2021,Delhi,1984138,72,216375770
2022,Karnataka,968033,66,303233194
2024,Tamil Nadu,1762726,65,694423380
2017,Tamil Nadu,1984336,66,392635378
2024,Delhi,1919930,88,635601883
2019,Tamil Nadu,1030657,80,483357608
2024,Maharashtra,1557133,73,346384717
2017,Karnataka,1655589,71,774205665
2023,Tamil Nadu,1338026,66,468074959
2021,Gujarat,1510525,65,639040796
2022,Maharashtra,1209300,82,428301761
2017,Karnataka,1162337,74,415124538
2017,Maharashtra,1211086,67,510565131
2016,Maharashtra,1451952,78,302273457
2018,Delhi,1342975,70,508218196
2016,Maharashtra,1659377,85,771694199
2015,Delhi,1664559,74,705992808
2022,Gujarat,1064475,72,601862243
2016,Tamil Nadu,900335,88,634891129
2023,Gujarat,1380789,84,440576576
2019,Maharashtra,968311,71,230137347
2023,Maharashtra,1097340,83,492173021
2023,Maharashtra,912262,80,748414484
2017,Gujarat,951494,66,766240127
2023,Karnataka,1548077,76,377228276
2017,Tamil Nadu,847589,81,351455213
2024,Tamil Nadu,1257878,65,588619736
2024,Gujarat,1180019,69,490955331
2015,Delhi,1581821,89,686585030
2018,Maharashtra,897738,81,775217435
2015,Delhi,1886940,73,755637646
2024,Karnataka,1294072,70,554933426
2020,Tamil Nadu,888080,74,469297253
2023,Karnataka,883774,80,532940554
2022,Tamil Nadu,989791,87,356280198
2023,Tamil Nadu,841369,74,314743394
2015,Delhi,1068651,65,414251693
2024,Tamil Nadu,1929808,67,607475480
2018,Gujarat,875204,68,552113655
2020,Tamil Nadu,801346,90,474410096
2022,Gujarat,1688446,80,256896324
2023,Gujarat,1818477,77,225675210
2024,Karnataka,1520527,65,656857260
2016,Gujarat,1675920,77,357228945
2019,Delhi,1119865,70,257790548
2022,Maharashtra,1164902,80,420930789
2015,Tamil Nadu,1789761,74,450477634
2024,Karnataka,854883,68,643668698
2019,Gujarat,1571675,90,283862284
2021,Gujarat,1156065,70,543763274
2020,Tamil Nadu,1071028,82,649646295
2019,Tamil Nadu,1187459,86,296756448
2019,Gujarat,854965,83,288309398
2016,Karnataka,1567557,78,254252079
2018,Gujarat,1659892,89,780864989
2017,Gujarat,1748355,71,457495780
2017,Tamil Nadu,1924857,81,265691352
2024,Karnataka,1193571,78,203294568
2019,Gujarat,1230094,79,286470618
2019,Karnataka,1221877,83,643664205
2020,Delhi,1484428,78,264939845
2015,Karnataka,1047351,85,456249056
2017,Tamil Nadu,1199455,84,511800815
2022,Maharashtra,1680172,71,434718656
2016,Tamil Nadu,1291837,72,286662912
2020,Karnataka,1740360,88,551039761
2020,Maharashtra,822819,90,247749906
2020,Delhi,1888611,71,224772445
2024,Tamil Nadu,1866608,71,280854639
2016,Tamil Nadu,1042034,65,406822538
2019,Karnataka,1791184,74,748982893
2018,Tamil Nadu,1601387,67,613798663
2021,Gujarat,1609740,77,488489741
2015,Karnataka,1780686,73,457114359
2024,Maharashtra,1424394,75,422116831
2024,Maharashtra,1174166,82,689109358
2018,Tamil Nadu,1094513,88,483492467
2019,Maharashtra,993264,69,305107694
2017,Maharashtra,1526565,68,413094242
2018,Tamil Nadu,1272848,65,324596254
2015,Tamil Nadu,1491131,77,795925424
2024,Karnataka,1680397,82,350298620
2022,Maharashtra,882847,65,296905942
2017,Delhi,1350365,71,749616378
2021,Karnataka,934701,82,687430187
2020,Karnataka,1028591,71,224603233
2023,Delhi,1545677,75,393287910
2022,Tamil Nadu,803824,85,242564421
2022,Maharashtra,1667209,90,252803700
2020,Delhi,1948562,73,530159374
2023,Maharashtra,1548477,68,404124539
2021,Gujarat,1492648,89,524322070
2018,Gujarat,1201004,69,261204469
2023,Delhi,1361399,75,282111330
2024,Delhi,1059923,79,580838807
2023,Delhi,948778,77,665538729
2018,Maharashtra,1383172,77,614210836
2023,Karnataka,1725584,90,324337883
2018,Tamil Nadu,1897636,74,297503163
2021,Delhi,1201506,66,615042791
2021,Delhi,1325849,76,449571017
2015,Delhi,1011051,81,330119248
2017,Tamil Nadu,1681858,78,275310324
2024,Tamil Nadu,1135976,84,495128659
2015,Karnataka,1097625,77,364314973
2018,Gujarat,1830583,67,200713396
2016,Maharashtra,1080325,89,443935608
2018,Karnataka,1234544,89,586625384
2018,Karnataka,1217656,72,590299642
2023,Karnataka,1340278,76,224496244
2017,Gujarat,1340680,84,447983727
2021,Tamil Nadu,1415996,85,272971704
2016,Tamil Nadu,1350934,80,542829348
2018,Maharashtra,1382629,86,401052007
2017,Gujarat,1225426,82,302073245
2019,Gujarat,1485463,68,570368541
2023,Delhi,948457,87,716045481
2018,Delhi,1586027,82,489063850
2017,Delhi,1105988,65,637723881
2022,Gujarat,1778565,69,799277682
2018,Delhi,1834245,89,310200231
2016,Delhi,1325359,81,706954121
2020,Tamil Nadu,1315200,67,227556777
2020,Gujarat,1752530,75,447570338
2018,Delhi,1007547,72,656992784
2024,Gujarat,1042154,75,286736874
2022,Delhi,1084811,69,692730036
2017,Maharashtra,1720710,83,487698781
2021,Delhi,1073378,86,665890782
2023,Maharashtra,930522,78,711819760
2018,Karnataka,1608722,71,598771314
2015,Gujarat,1697873,87,681129682
2015,Delhi,1228611,79,725090637
2015,Maharashtra,1519402,73,520909095
2015,Karnataka,1671278,88,611505307
2020,Tamil Nadu,816474,83,556271750
2022,Gujarat,1196219,82,524678967
2019,Gujarat,865724,82,280810479
2015,Tamil Nadu,1137730,79,371733240
2023,Delhi,800538,73,534682621
2016,Maharashtra,1999105,65,320300092
2016,Karnataka,1083180,70,337112146
2024,Tamil Nadu,1109412,78,362078595
2020,Tamil Nadu,1035202,70,320769911
2016,Tamil Nadu,1004989,89,547829144
2020,Maharashtra,1503994,89,608309986
2022,Karnataka,1365475,65,797989339
2023,Maharashtra,863030,79,367409713
2016,Maharashtra,1157321,77,727922135
2020,Karnataka,1232662,79,637994741
2023,Tamil Nadu,1175736,73,548013746
2021,Gujarat,1088926,85,520070546
2015,Tamil Nadu,1964153,79,734235028
2016,Gujarat,1612546,81,624765235
2016,Gujarat,1569294,66,633319040
2016,Delhi,1972904,89,479902826
2017,Tamil Nadu,832797,72,524581607
2020,Tamil Nadu,1862465,74,420593290
2018,Tamil Nadu,887388,66,246676173
2020,Tamil Nadu,1236239,74,777422810
2023,Tamil Nadu,1928930,66,619524771
2015,Karnataka,1274119,66,632362798
2015,Gujarat,1408808,76,479590954
2023,Gujarat,1238296,81,543979123
2019,Delhi,957311,88,545732608
2018,Tamil Nadu,1374286,73,365078959
2023,Tamil Nadu,1823828,68,646951730
2020,Delhi,1703620,66,723775667
2023,Karnataka,952205,70,409565809
2023,Tamil Nadu,1024567,65,668885780
2017,Karnataka,1004669,85,384290078
2020,Tamil Nadu,1438845,83,402512829
2022,Maharashtra,1053044,75,491897591
2024,Delhi,1773021,75,520473791
2015,Maharashtra,1990250,78,464699677
2017,Tamil Nadu,1078874,82,714482820
2020,Delhi,1939150,75,750095312
2016,Karnataka,1436350,66,428193059
2016,Delhi,1626640,85,600189098
2019,Maharashtra,1543244,73,210194824
2020,Maharashtra,1695824,89,400847871
2018,Karnataka,1862358,79,245789785
2016,Delhi,881870,86,216479177
2018,Karnataka,1107622,72,515731498
2024,Maharashtra,807147,77,335028052
2015,Delhi,1139063,66,673736483
2020,Delhi,1659263,71,579286586
2020,Tamil Nadu,1806789,70,519563198
2017,Karnataka,1424077,73,505209410
2024,Delhi,1272304,78,707344188
2023,Delhi,1470665,90,630098166
2024,Gujarat,886711,89,793144378
2017,Delhi,812632,66,458575092
2015,Delhi,1833145,86,343188662
2019,Gujarat,933408,90,226049400
2016,Tamil Nadu,1340907,88,378670072
2023,Karnataka,1453111,70,327014968
2018,Karnataka,1517017,88,522992999
2023,Gujarat,1874440,80,299086249
2018,Tamil Nadu,1534065,77,220431494
2019,Maharashtra,1720803,73,687694613
2015,Gujarat,1749966,71,735696442
2023,Maharashtra,1366703,74,442667562
2015,Gujarat,1748170,79,389025063
2020,Karnataka,1256002,85,492273687
2019,Maharashtra,1344195,82,756643391
2024,Karnataka,1656125,76,651438796
2020,Delhi,1421388,65,651389048
2017,Karnataka,1139055,74,668512549
2020,Karnataka,1329023,65,650852627
2020,Delhi,1373403,89,454811126
2021,Tamil Nadu,870044,80,360737169
2019,Gujarat,1024349,87,345622948
2024,Karnataka,1842042,70,405572828
2016,Tamil Nadu,885638,82,559496288
2019,Karnataka,978527,78,585060782
2015,Gujarat,1639887,67,354050118
2023,Delhi,826545,66,398445078
2021,Maharashtra,985324,68,501405472
2017,Delhi,1696865,88,717596515
2019,Karnataka,1413607,84,246547399
2021,Gujarat,1705304,89,717378024
2019,Tamil Nadu,1825953,66,631006205
2020,Delhi,955562,90,300076247
2023,Tamil Nadu,916645,69,465101382
2019,Gujarat,1089641,80,305666289
2024,Delhi,1594309,85,767847476
2021,Gujarat,1567928,86,242884733
2024,Gujarat,1150673,84,713549811
2018,Tamil Nadu,806599,69,582949559
2017,Karnataka,1919624,81,256488030
2016,Karnataka,1405096,89,325904105
2017,Delhi,1062584,70,395476687
2024,Tamil Nadu,1514155,79,608510631
2021,Maharashtra,1327045,68,427982437
2020,Gujarat,1097937,70,456751485
2023,Karnataka,1893487,85,375528164
2018,Delhi,1240038,89,449560912
2015,Delhi,1835781,83,752684536
2017,Maharashtra,1494745,68,276820332
2017,Gujarat,1864823,88,292325581
2022,Gujarat,1943120,84,401202330
2023,Maharashtra,1335078,76,666122594
2023,Tamil Nadu,1829566,71,751812320
2016,Karnataka,842649,73,329425069
2018,Tamil Nadu,941880,75,734791259
2022,Delhi,1409308,78,626384282
2021,Delhi,1053622,83,770855417
2017,Delhi,944312,70,466378361
2015,Maharashtra,944385,66,566910847
2017,Delhi,913473,82,573259808
2015,Gujarat,1536842,65,268925335
2024,Karnataka,1974762,77,678518893
2024,Delhi,1512889,84,488929147
2015,Delhi,1445701,86,364943552
2023,Delhi,846790,85,443876797
2017,Delhi,1551359,80,327721337
2015,Delhi,1340750,76,799146864
2022,Maharashtra,1133693,73,380095651
2021,Delhi,1897231,72,458755112
2021,Maharashtra,1606002,77,477524304
2019,Maharashtra,1548299,86,204379463
2023,Delhi,1971071,82,666346284
2023,Tamil Nadu,869462,73,288451026
2017,Maharashtra,1427136,87,286699343
2019,Maharashtra,1865019,77,276943424
2023,Maharashtra,863729,75,754798528
2021,Gujarat,1413529,86,506439234
2022,Gujarat,1386562,76,357858155
2020,Maharashtra,912636,86,758290237
2023,Tamil Nadu,1890480,76,655600526
2018,Maharashtra,1122188,68,212384926
2024,Maharashtra,1367878,74,644589419
2024,Tamil Nadu,1279144,88,236211976
2024,Tamil Nadu,1365343,84,642792591
2022,Gujarat,920954,69,319218605
2016,Maharashtra,1861221,85,777421463
2017,Delhi,1454859,67,576945739
2019,Tamil Nadu,840553,73,268314712
2024,Karnataka,938231,77,557897512
2017,Delhi,1769220,78,263271459
2024,Karnataka,1013311,71,579721616
2018,Delhi,1373188,83,346857317
2018,Delhi,1699154,74,705389447
2024,Tamil Nadu,1119312,74,538103699
2018,Karnataka,1463183,68,344662245
2015,Karnataka,1552586,72,245222457
2015,Karnataka,1749881,79,207323449
2018,Tamil Nadu,1197764,76,592920455
2022,Karnataka,1877730,70,310573413
2020,Karnataka,1355753,86,738059288
2023,Tamil Nadu,1933643,90,497088937
2018,Gujarat,1202103,82,329885797
2019,Tamil Nadu,1609879,74,241002776
2018,Gujarat,1016862,76,778399160
2018,Karnataka,831403,71,695801230
2020,Gujarat,1330127,65,281891477
2015,Delhi,1037550,81,462951918
2017,Delhi,1461363,75,775360366
2021,Tamil Nadu,1478940,72,768101631
2021,Delhi,997728,81,381262793
2015,Gujarat,997184,88,460458470
2022,Karnataka,1535080,70,493911421
2015,Tamil Nadu,1737979,67,597822588
2023,Karnataka,1003443,84,446518680
2023,Karnataka,1159564,69,482631109
2024,Tamil Nadu,1279257,90,487081761
2018,Maharashtra,1682673,73,581866369
2023,Karnataka,1523471,85,652368850
2019,Maharashtra,1185542,71,786362027
2021,Tamil Nadu,806453,65,731242897
2017,Delhi,1338411,71,262373088
2022,Karnataka,1641038,65,592738992
2024,Maharashtra,1814131,65,361209550
2024,Maharashtra,907052,88,217374750
2019,Karnataka,1996472,75,523829897
2019,Delhi,1226532,79,666271658
2021,Maharashtra,1337086,73,587610055
2016,Karnataka,1173945,84,629228462
2018,Gujarat,883187,89,262295624
2024,Karnataka,1638536,87,783461962
2020,Karnataka,1223231,70,666264112
2020,Delhi,1939162,85,638774378
2019,Delhi,1310737,88,707134563
2018,Karnataka,1823899,72,358240084
2021,Delhi,1146336,74,713984273
2015,Tamil Nadu,1289335,78,361109624
2018,Tamil Nadu,1085690,79,745005075
2018,Tamil Nadu,1649999,84,637036210
2019,Delhi,980296,73,678731731
2020,Delhi,1184674,90,396107445
2016,Gujarat,1052638,78,372616534
2019,Delhi,1574617,68,306248273
2022,Karnataka,1117405,71,689899445
2020,Tamil Nadu,1784012,79,345990295
2021,Tamil Nadu,1951234,85,568763667
2017,Maharashtra,1790458,65,771124666
2019,Maharashtra,819229,78,679050353
2022,Delhi,1480008,72,237077856
2023,Tamil Nadu,1787104,76,234356745
2016,Karnataka,1537243,71,258587173
2019,Maharashtra,1609975,68,733051637
2017,Karnataka,824561,65,460447511
2020,Karnataka,1233963,78,434604973
2019,Maharashtra,849915,80,751710916
2015,Delhi,1526076,90,419979218
2016,Delhi,1579421,79,485518533
2022,Maharashtra,902327,77,763052671
2023,Gujarat,1834202,82,796965132
2015,Tamil Nadu,1068260,66,469621411
2015,Delhi,1516812,74,453507843
2017,Gujarat,1283340,69,236096544
2015,Delhi,1540215,68,416840016
2023,Maharashtra,1861642,88,682711841
2024,Tamil Nadu,1950204,81,702759199
2018,Karnataka,1163589,74,611745620
2022,Karnataka,1804507,74,570387570
2021,Maharashtra,1394355,71,665886143
2023,Maharashtra,1115155,85,589543593
2021,Delhi,1300256,76,533692043
2019,Maharashtra,1936723,85,616839178
2017,Karnataka,1474785,75,391478899
2016,Delhi,1911729,68,736961808
2021,Gujarat,1353161,86,655292040
2016,Karnataka,1494393,76,634499528
2020,Tamil Nadu,1406370,72,207256800
2017,Gujarat,1667378,72,302137104
2023,Gujarat,1460436,78,642867395
2024,Delhi,860341,79,786986579
2019,Gujarat,1503612,86,350004532
2018,Tamil Nadu,1882407,80,631515730
2016,Karnataka,1077500,66,641389174
2023,Maharashtra,1704927,82,304317468
2021,Karnataka,1474748,81,574744865
2020,Karnataka,1841081,87,532931172
2019,Maharashtra,1014810,68,726101076
2016,Maharashtra,1357284,79,513908677
2016,Tamil Nadu,1411874,66,768889697
2015,Delhi,1521664,65,310067555
2019,Delhi,944829,84,564586256
2023,Maharashtra,1214971,87,707552679
2021,Delhi,1300976,71,695821818
2019,Maharashtra,1923980,89,328693228
2022,Gujarat,1615145,67,681313975
2024,Tamil Nadu,1571985,78,755192578
2016,Karnataka,1899787,75,441507174
2024,Delhi,1223739,86,673623963
2015,Maharashtra,1494717,79,432719390
2022,Delhi,1400711,78,521530946
2024,Gujarat,1135344,67,446408718
2019,Delhi,901138,70,790152758
2021,Karnataka,1320315,78,501168209
2024,Delhi,1577195,83,297115250
2019,Karnataka,1250360,65,598861046
2021,Maharashtra,1145744,84,504238341
2020,Gujarat,1519469,82,520691414
2022,Gujarat,916847,72,700854768
2018,Delhi,1966761,76,645093398
2015,Tamil Nadu,934106,88,793401936
2023,Maharashtra,1133265,65,320423095
2017,Tamil Nadu,1672893,88,388801528
2021,Karnataka,1175885,88,602715224
2023,Tamil Nadu,1072975,70,207556381
2023,Gujarat,1710464,74,590957470
2019,Maharashtra,1130028,80,476765359
2017,Karnataka,1574827,81,408764595
2018,Karnataka,1952383,69,736226919
2024,Delhi,851271,73,552947867
2024,Delhi,1827753,65,237433989
2021,Tamil Nadu,1166079,79,372316211
2016,Maharashtra,1478054,82,252337184
2021,Maharashtra,1808107,87,647135486
2024,Maharashtra,1411413,88,483531577
2018,Gujarat,1677553,76,628118101
2020,Maharashtra,1204875,88,210152726
2024,Maharashtra,1069408,66,505429803
2022,Karnataka,1974990,68,497330540
2016,Karnataka,1697694,90,758864897
2016,Maharashtra,1425437,70,694090296
2019,Karnataka,1739623,90,439503629
2019,Karnataka,1958204,72,709086184
2016,Karnataka,1307433,89,215351678
2015,Karnataka,1898273,74,505747447
2022,Gujarat,1999946,86,292812156
2022,Tamil Nadu,1478952,85,453002550
2018,Delhi,1782152,70,390677866
2017,Delhi,1756073,86,647397595
2023,Tamil Nadu,1993608,80,760603344
2019,Maharashtra,1726468,78,731259166
2016,Gujarat,1585694,88,651741113
2017,Karnataka,1397384,83,798185775
2018,Delhi,1335493,87,249180695
2017,Tamil Nadu,1735443,68,744951796
2019,Maharashtra,1850549,87,346733659
2020,Gujarat,1839115,65,422686730
2016,Delhi,1339841,73,675791316
2022,Maharashtra,859830,76,232929427
2023,Karnataka,1202864,89,722471227
2022,Karnataka,801555,67,541788201
2024,Karnataka,1219068,88,371199392
2017,Delhi,1130973,65,312199336
2024,Maharashtra,948554,87,487086739
2018,Maharashtra,1777797,87,537577626
2024,Karnataka,996372,80,278457637
2016,Delhi,1790506,82,665145838
2024,Karnataka,1541357,85,345676337
2021,Tamil Nadu,1715244,77,769255090
2018,Tamil Nadu,1519830,75,451741332
2018,Karnataka,1410589,85,312039450
2019,Karnataka,979792,68,327505819
2016,Tamil Nadu,1477886,75,574649214
2019,Gujarat,902953,72,202894280
2018,Delhi,1954222,82,269842474
2017,Delhi,1709928,68,451011464
2023,Karnataka,1968585,84,551887193
2021,Tamil Nadu,805805,69,746325179
2021,Tamil Nadu,1538336,85,682111036
2024,Karnataka,1879345,69,596317828
2019,Delhi,1586671,69,548595107
2021,Karnataka,1568358,73,536991210
2022,Gujarat,1958176,76,697152048
2018,Gujarat,1367425,89,305136306
2024,Karnataka,1733059,84,473567320
2015,Gujarat,1904694,86,449583189
2024,Tamil Nadu,1463958,77,209305503
2018,Maharashtra,1878256,66,325474612
2018,Tamil Nadu,1352263,82,497473344
2020,Delhi,1652208,70,773245650
2022,Tamil Nadu,1924578,71,748716015
2017,Delhi,849945,82,629868627
2019,Tamil Nadu,1048031,83,758719117
2017,Maharashtra,1089831,90,670575309
2023,Delhi,1568188,82,223508355
2021,Maharashtra,1007605,65,224630802
2024,Gujarat,875900,85,474491033
2021,Tamil Nadu,937150,85,583237372
2021,Gujarat,1744287,79,586223397
2024,Maharashtra,1248662,86,426759256
2022,Gujarat,844905,75,206415819
2021,Karnataka,997114,77,721447198
2018,Maharashtra,1832003,71,391817247
2021,Gujarat,1930198,72,357930762
2015,Maharashtra,1303771,76,508779679
2016,Delhi,1399099,66,362693385
2016,Maharashtra,1093557,68,302927672
2017,Delhi,943939,80,606507399
2018,Karnataka,1938642,77,581440739
2018,Gujarat,1840521,81,702920533
2021,Delhi,860596,83,387184203
2021,Maharashtra,1886368,86,737246643
2017,Karnataka,1547018,85,451515936
2017,Gujarat,1009537,82,694877966
2022,Gujarat,805843,79,525520642
2021,Gujarat,1181274,88,276553652
2020,Tamil Nadu,1230306,70,453102723
2015,Karnataka,1529894,89,319508422
2015,Karnataka,1892616,81,758454973
2023,Karnataka,930380,79,228735123
2023,Karnataka,1355097,68,787528490
2016,Tamil Nadu,900991,75,659275116
2019,Delhi,1131457,90,678592142
2024,Gujarat,1448778,66,744562119
2015,Tamil Nadu,860533,71,367873105
2017,Karnataka,1457206,72,288959835
2021,Delhi,1629570,81,438627020
2018,Maharashtra,1697793,70,759592548
2018,Maharashtra,1055569,80,240255738
2022,Tamil Nadu,1925366,67,713166973
2015,Maharashtra,1588778,86,277792971
2020,Maharashtra,1646954,90,782102079
2019,Gujarat,851685,81,275525338
2023,Maharashtra,1801978,90,211418113
2020,Tamil Nadu,1690304,79,602861990
2017,Tamil Nadu,1825961,68,344589956
2020,Tamil Nadu,960350,76,601445750
2016,Delhi,1339655,84,791700181
2021,Gujarat,1805322,81,224657148
2018,Gujarat,824891,87,553769181
2018,Gujarat,1769222,68,500556018
2023,Gujarat,1967363,82,685071916
2023,Gujarat,1718771,67,337677757
2021,Gujarat,1717660,80,564520585
2017,Delhi,1783065,72,404702558
2015,Maharashtra,1066874,77,434785597
2020,Karnataka,1319508,70,728740702
2024,Gujarat,1145944,88,338930457
2015,Tamil Nadu,1602610,77,372023937
2019,Delhi,1345439,87,648749441
2019,Tamil Nadu,1756430,88,718215281
2018,Gujarat,1095056,65,356871921
2019,Maharashtra,1830636,79,604648163
2015,Maharashtra,1048368,87,691730583
2021,Karnataka,1680226,88,495004360
2021,Maharashtra,1475698,83,292666574
2016,Gujarat,825051,71,600814398
2018,Tamil Nadu,945998,80,260093793
2023,Gujarat,1246220,84,588977215
2016,Delhi,1352876,70,250167085
2024,Maharashtra,1573448,80,731369510
2018,Karnataka,882602,86,549319338
2024,Delhi,1185802,71,365598792
2024,Delhi,1922582,65,297104621
2020,Maharashtra,1289266,78,597518781
2022,Tamil Nadu,1588831,75,770707350
2018,Delhi,1315021,65,221226873
2015,Gujarat,1021785,75,764021038
2021,Maharashtra,1215663,73,626325038
2015,Gujarat,957229,89,718621244
2015,Maharashtra,1423097,82,596492880
2015,Karnataka,1101402,74,405012792
2019,Maharashtra,983164,66,404055946
2022,Tamil Nadu,1177317,73,515661146
2019,Gujarat,1758514,68,692870720
2018,Maharashtra,1838986,76,322072743
2022,Delhi,1315993,89,781763705
2016,Tamil Nadu,1502394,72,713675500
2019,Tamil Nadu,1917110,71,604107327
2015,Delhi,1778032,72,520683189
2016,Gujarat,1358460,68,300694537
2023,Maharashtra,1718286,76,782038529
2016,Tamil Nadu,969169,74,770606084
2019,Delhi,1922965,84,560611311
2016,Maharashtra,1822420,65,209964337
2018,Karnataka,1382744,73,679522008
2021,Tamil Nadu,847832,69,562100754
2016,Maharashtra,1447257,73,580748896
2022,Gujarat,1392660,78,217025100
2023,Karnataka,1197604,69,425235381
2019,Maharashtra,1538728,79,549020470
2018,Maharashtra,991987,77,315566044
2018,Gujarat,1593367,76,374124639
2022,Karnataka,1731945,71,633471786
2017,Delhi,1373596,65,245708253
2023,Karnataka,926984,86,698404299
2016,Tamil Nadu,1394700,71,507682010
2020,Maharashtra,864568,82,421798406
2019,Tamil Nadu,1428574,71,777929667
2024,Gujarat,1840903,83,491313102
2017,Delhi,1993069,76,501665820
2018,Tamil Nadu,1403606,79,633635386
2020,Tamil Nadu,958024,87,795361892
2018,Tamil Nadu,1746274,70,279137765
2018,Karnataka,877644,69,452285318
2019,Tamil Nadu,933151,83,414902841
2024,Tamil Nadu,1439980,69,388308452
2015,Tamil Nadu,1312002,83,779933011
2021,Maharashtra,1478767,84,414909909
2023,Karnataka,1908227,78,519109289
2024,Tamil Nadu,1425167,69,344702834
2020,Maharashtra,1872409,83,661266562
2017,Maharashtra,1221948,66,727004618
2022,Delhi,1746867,80,313365756
2015,Maharashtra,1922213,85,623068977
2022,Karnataka,1212518,90,385133420
2019,Maharashtra,878575,74,302453076
2020,Delhi,924835,90,606960895
2019,Gujarat,1997851,88,378021854
2016,Gujarat,874820,79,405087503
2023,Delhi,1921490,76,703173474
2015,Karnataka,1298281,90,478878631
2021,Karnataka,1504060,73,313947926
2022,Karnataka,1625096,80,457629104
2020,Gujarat,997081,71,286767201
2023,Delhi,1950161,80,507788052
2024,Maharashtra,1633230,86,299891980
2017,Gujarat,1689082,88,499783789
2022,Maharashtra,1922525,80,501529045
2023,Tamil Nadu,1685720,81,532957965
2022,Karnataka,1001486,83,537980524
2016,Tamil Nadu,1607954,79,361772907
2017,Delhi,990940,76,647485814
2023,Delhi,1551693,69,391468442
2020,Karnataka,1882536,82,483164906
2016,Gujarat,1767002,72,535943365
2023,Karnataka,1002943,84,453931216
2024,Maharashtra,1939400,82,456440196
2020,Karnataka,1218880,81,361729826
2022,Gujarat,1519229,66,447955563
2023,Delhi,1621347,71,582902220
2019,Maharashtra,1487632,88,349311779
2017,Karnataka,803073,84,424010068
2019,Tamil Nadu,1279282,90,359996840
2023,Gujarat,1346900,81,784426915
2018,Gujarat,1869770,70,326211159
2024,Gujarat,1889317,86,296458232
2017,Gujarat,1670272,80,358005722
2021,Tamil Nadu,1202662,74,556726969
2024,Delhi,1220653,76,255300495
2021,Delhi,835732,88,206547951
2024,Delhi,811057,78,269292483
2022,Maharashtra,898588,72,696574996
2018,Delhi,1177316,81,564489751
2018,Karnataka,1312672,76,612333176
2015,Delhi,1675940,80,514640078
2023,Delhi,1167377,89,260099736
2018,Delhi,1277969,78,334156593
2018,Maharashtra,1120040,70,546460007
2018,Tamil Nadu,1607518,83,767274360
2017,Delhi,1808332,73,749151144
2018,Delhi,1669082,82,473475448
2016,Tamil Nadu,1123542,90,279933016
2019,Gujarat,945964,66,380119205
2016,Delhi,1199597,65,210614022
2015,Maharashtra,878185,86,743256133
2024,Delhi,1490769,89,578257207
2020,Karnataka,1341143,79,402147636
2017,Karnataka,1908958,80,647890500
2015,Gujarat,1191027,72,446352576
2015,Tamil Nadu,1497775,79,638057543
2017,Delhi,1762086,89,735622425
2019,Gujarat,1229086,66,537533400
2022,Maharashtra,1128747,87,785157270
2018,Tamil Nadu,1986685,67,476900170
2021,Maharashtra,1506758,88,512605993
2019,Gujarat,1635800,84,357717806
2016,Delhi,1122136,78,634260510
2023,Maharashtra,813924,87,582618587
2021,Delhi,995193,86,492535024
2022,Delhi,1963995,87,354604972
2020,Maharashtra,834194,65,222429928
2019,Tamil Nadu,1353040,67,534022042
2022,Maharashtra,964444,69,683474713
2015,Tamil Nadu,899164,70,564075460
2017,Karnataka,1105238,66,204040598
2018,Maharashtra,1295542,86,232072942
2022,Gujarat,849039,89,760960724
2015,Tamil Nadu,1430310,89,206443918
2015,Maharashtra,1453326,66,373195978
2017,Tamil Nadu,879164,71,784540504
2015,Maharashtra,1289151,80,653003137
2019,Tamil Nadu,993566,74,444085946
2017,Tamil Nadu,1216905,72,373992297
2018,Maharashtra,1369455,73,659241443
2018,Tamil Nadu,971356,74,363537267
2021,Delhi,946112,84,225989454
2018,Maharashtra,1090950,69,349700000
2017,Delhi,1311830,70,596181643
2024,Gujarat,1478112,71,280472459
2024,Gujarat,1829188,66,572161787
2018,Tamil Nadu,918134,68,721272779
2020,Gujarat,1290857,90,704170910
2017,Delhi,1187599,72,652835882
2018,Maharashtra,1837959,65,296566144
2021,Delhi,1015558,68,609264117
2022,Maharashtra,1010245,65,566457378
2019,Gujarat,1825831,74,339290770
2018,Gujarat,1723080,75,342184205
2024,Gujarat,1166310,71,298135544
2022,Gujarat,1391367,69,334799323
2022,Tamil Nadu,1578689,88,320128872
2023,Tamil Nadu,1285278,68,220486289
2018,Delhi,1380804,79,447647404
2023,Delhi,895329,72,772182579
2016,Maharashtra,1488333,76,443984491
2022,Delhi,1552129,68,787666971
2015,Karnataka,917541,85,798449532
2021,Delhi,1006341,65,610453235
2016,Tamil Nadu,1340966,81,777407424
2022,Gujarat,835558,81,304190937
2018,Maharashtra,1071652,78,353057131
2019,Tamil Nadu,1451866,77,535426521
2021,Karnataka,1207869,84,386583805
2015,Delhi,856470,69,571668613
2015,Tamil Nadu,1409484,84,297634670
2017,Karnataka,1211199,71,352440926
2015,Karnataka,1982355,82,790065924
2022,Gujarat,1544500,89,355196773
2017,Karnataka,1597972,78,563396307
2022,Delhi,848512,78,494463578
2024,Delhi,1008110,81,510539833
2019,Maharashtra,1584868,79,570002259
2022,Maharashtra,1016017,88,343137482
2015,Karnataka,1416221,68,793240284
2017,Maharashtra,946146,85,431651475
2018,Delhi,802008,72,362619802
2015,Delhi,1799201,89,340942277
2019,Tamil Nadu,848938,78,326259252
2015,Delhi,1571140,76,370155507
2022,Maharashtra,949343,75,672278457
2019,Maharashtra,1465906,80,454881024
2024,Karnataka,1759139,70,367045238
2018,Gujarat,1654268,80,503068347
2017,Tamil Nadu,1534837,81,239150470
2022,Gujarat,1704891,87,630132344
2018,Maharashtra,1635078,88,341221740
2017,Tamil Nadu,1279896,73,263872055
2024,Gujarat,970122,66,267874658
2021,Tamil Nadu,1683592,71,373163225
2023,Tamil Nadu,1765831,78,361320595
2018,Karnataka,1952565,72,504867607
2018,Maharashtra,1120665,68,219494531
2018,Maharashtra,1851693,87,529519818
2022,Maharashtra,1389293,90,335358079
2024,Maharashtra,879709,86,598865377
2021,Karnataka,1369606,72,311470371
2023,Delhi,805603,69,675241103
2023,Maharashtra,1905565,84,725308450
2017,Delhi,1803050,73,424929116
2018,Gujarat,1637000,77,526343131
2015,Maharashtra,954291,69,365568636
2023,Maharashtra,942728,79,727698224
2024,Gujarat,1960820,89,367900539
2024,Tamil Nadu,941050,85,782103688
2021,Gujarat,898013,88,749319771
2024,Delhi,862729,65,575872330
2018,Tamil Nadu,1522590,79,247924265
2023,Tamil Nadu,1103236,83,309585993
2020,Karnataka,1127212,67,356584386
2019,Karnataka,961936,89,759680368
2018,Karnataka,1925422,73,758484267
2023,Maharashtra,918421,83,290785878
2017,Delhi,1186436,79,766598198
2023,Tamil Nadu,1528174,80,376616730
2023,Karnataka,1028039,72,547414834
2016,Tamil Nadu,1860208,69,436564715
2024,Karnataka,1462370,67,302144654
2015,Karnataka,1144180,86,380414355
2020,Tamil Nadu,1770880,79,364742634
2018,Gujarat,806718,75,400903350
2022,Gujarat,1094083,89,421911080
2021,Tamil Nadu,1246679,70,574958633
2021,Delhi,1300345,87,377842499
2016,Tamil Nadu,1317248,75,532859462
2021,Gujarat,1701339,70,656975507
2019,Maharashtra,974944,68,700395387
2022,Tamil Nadu,961558,87,770220978
2020,Karnataka,1440362,89,646044108
2022,Karnataka,1825274,78,208564641
2015,Maharashtra,1480446,89,311917100
2020,Gujarat,1070613,88,772127709
2019,Karnataka,1468131,78,200597910
2020,Karnataka,1248645,87,379102588
2020,Delhi,1347326,73,263995051
2016,Karnataka,1328773,84,781580128
2023,Karnataka,1621794,81,611333639
2017,Delhi,1307424,77,405185712
2018,Maharashtra,1965287,80,231735957
2020,Gujarat,1159993,71,442923196
2017,Delhi,1203699,81,418913450
2022,Gujarat,1165112,67,534591558
2021,Karnataka,1839622,87,357868343
2019,Karnataka,1633530,65,346256426
2017,Gujarat,1102381,70,339014919
2015,Tamil Nadu,1548268,76,542398171
2018,Gujarat,1692814,88,298995109
2015,Tamil Nadu,867489,65,729217305
2019,Maharashtra,1206301,80,264003703
2015,Tamil Nadu,1968878,69,293188076
2024,Gujarat,1741413,86,739735852
2024,Gujarat,1678389,84,699924418
2017,Delhi,1517511,90,572989294
2022,Delhi,1775486,75,675938177
2024,Karnataka,1017425,85,637510452
2024,Gujarat,1154663,82,435242907
2021,Tamil Nadu,1026365,90,265451314
2015,Maharashtra,954168,69,314977227
2018,Maharashtra,1823357,74,557752315
2017,Delhi,1243832,74,614771575
2015,Karnataka,1031872,83,484695328
2023,Delhi,1989925,85,796847691
2023,Gujarat,1993494,87,786551692
2017,Gujarat,1471820,79,467761769
2021,Delhi,1555202,79,462105112
2022,Tamil Nadu,1275227,65,258671998
2020,Delhi,919637,74,364346433
2018,Maharashtra,1154609,72,342686585
2015,Gujarat,1192787,86,288890798
2021,Tamil Nadu,1418733,77,705123442
2015,Delhi,1817494,87,274597773
2016,Maharashtra,1140463,87,357287913
2022,Karnataka,1850273,87,658189859
2023,Gujarat,1262361,72,792563034
2018,Tamil Nadu,1630959,89,334206149
2017,Delhi,1221307,71,368839538
2023,Maharashtra,1368062,85,498382777
2020,Maharashtra,1269765,86,524991480
2016,Delhi,1389089,76,331324017
2018,Maharashtra,1304711,83,342828064
2020,Gujarat,1293168,66,283944630
2016,Tamil Nadu,1401434,65,590044111
2023,Tamil Nadu,1170074,71,556185016
2015,Maharashtra,1349605,89,581351929
2019,Maharashtra,1690647,78,614515483
2019,Gujarat,1688818,65,673673580
2015,Gujarat,966110,84,344289241
2019,Maharashtra,1277591,77,224689884
2023,Tamil Nadu,1411172,74,202431472
2019,Gujarat,1325089,88,314780454
2023,Maharashtra,1062389,83,727186503
2022,Maharashtra,1429509,80,588871089
2017,Gujarat,1118350,69,327023729
2023,Delhi,1629413,74,535022262
2022,Delhi,1747247,88,453300759
2023,Tamil Nadu,856992,65,528341959
2016,Karnataka,1489248,65,569677114
2021,Karnataka,1030113,66,390537948
2024,Gujarat,1928283,79,488874369
2016,Delhi,1772386,73,227043076
2024,Maharashtra,1620346,78,698690555
2015,Maharashtra,1474267,86,754814034
2017,Gujarat,960243,85,580700953
2021,Maharashtra,1523462,89,374916374
2018,Delhi,1558632,65,326993012
2020,Maharashtra,1686426,75,596715635
2015,Delhi,1071485,78,390647020
2021,Tamil Nadu,952507,90,362947684
2022,Maharashtra,1890335,78,485349453
2017,Karnataka,880211,77,459216866
2024,Maharashtra,1993376,72,698408948
2022,Gujarat,1434676,67,606796062
2018,Karnataka,1808183,90,555963934
2021,Delhi,1668421,84,381781434
2016,Delhi,1167179,70,756784933
2017,Delhi,1987818,71,609642045
2017,Delhi,1358440,70,681607590
2017,Maharashtra,944527,89,397662996
2018,Delhi,1528589,72,472736696
2019,Karnataka,958029,86,432886631
2023,Delhi,1545137,75,450739759
2016,Delhi,1597432,65,717295723
2018,Karnataka,1828454,85,243819106
2016,Delhi,1010309,81,551226304
2020,Gujarat,1631252,78,731936281
2023,Delhi,1940276,75,224468841
2021,Tamil Nadu,1648205,88,252481601
2020,Maharashtra,1448565,65,358529823
2021,Delhi,1056921,79,259423871
2019,Delhi,1802167,79,409201213
2018,Tamil Nadu,1306518,71,508591708
2018,Karnataka,941004,66,256225801
2020,Gujarat,1157453,70,273985246
2020,Karnataka,1109439,85,628739967
2019,Tamil Nadu,1442396,71,382027873
2015,Gujarat,874114,68,591458206
2023,Karnataka,1841079,71,418494420
2024,Gujarat,1629440,82,733549715
2020,Delhi,1268295,87,260471188
2016,Tamil Nadu,1626424,77,215123375
2017,Gujarat,1791123,88,627984122
2015,Delhi,1958518,77,632027569
2017,Delhi,1434549,85,565260053
2020,Maharashtra,1506343,83,601242050
2017,Maharashtra,1568039,70,725417197
2023,Gujarat,1633486,69,626644035
2016,Delhi,1635670,82,230559868
2018,Gujarat,1948998,85,737854952
2024,Maharashtra,1351064,74,406033655
2021,Maharashtra,1761798,72,267747056
2017,Tamil Nadu,1000110,85,676821188
2017,Tamil Nadu,1719970,78,790651499
2023,Gujarat,1696999,70,506517036
2019,Tamil Nadu,948184,87,566594744
2019,Maharashtra,1423176,82,332717734
2019,Maharashtra,1730198,74,543393127
2018,Maharashtra,1733614,74,650915441
2023,Maharashtra,1320698,81,535378872
2017,Tamil Nadu,1323710,86,519825354
2023,Gujarat,1557658,66,615294918
2023,Maharashtra,1739072,71,232131983
2019,Maharashtra,1964509,82,690016896
2024,Maharashtra,807414,73,232620720
2022,Delhi,1673120,66,270284696
2015,Tamil Nadu,1393703,68,370450802
2020,Karnataka,1393672,87,606635059
2019,Maharashtra,1509316,88,304084027
2022,Delhi,883057,78,720713720
2018,Delhi,939851,72,763144197
2020,Gujarat,832044,80,585254410
2021,Gujarat,1106554,75,608761339
2023,Delhi,1814180,88,560846216
2017,Gujarat,1156618,74,419330730
2019,Karnataka,1234382,73,686597069
2016,Tamil Nadu,1861115,86,639804722
2022,Delhi,1276262,65,628044311
2023,Tamil Nadu,1845908,75,553707447
2021,Tamil Nadu,964069,75,514918148
2023,Karnataka,827527,84,243009514
2023,Gujarat,1496242,87,695254570
2017,Gujarat,895153,74,454503087
2023,Karnataka,963333,66,576205672
2023,Gujarat,1073553,86,292576631
2015,Karnataka,885339,69,652954375
2022,Maharashtra,1582969,78,722825349
2015,Maharashtra,1504993,72,554743940
2015,Gujarat,1089460,66,415674885
2021,Karnataka,1405097,88,240372879
2019,Maharashtra,1448676,68,323406478
2018,Karnataka,1280769,89,602740476
2015,Tamil Nadu,1606233,85,416368871
2021,Maharashtra,1833847,71,718516222
2021,Maharashtra,1752074,77,348542353
2023,Delhi,1541614,89,708153835
2017,Gujarat,1217960,88,639660163
2016,Karnataka,974557,90,418003839
2016,Maharashtra,962495,65,298086983
2023,Delhi,962563,76,259960343
2019,Delhi,987421,82,556334386
2015,Karnataka,1265599,80,242896101
2022,Delhi,1448310,76,234845317
2015,Tamil Nadu,1140694,81,731902870
2018,Tamil Nadu,896018,77,341150085
2018,Tamil Nadu,1923828,85,537752249
2022,Tamil Nadu,1647180,84,307675205
2018,Delhi,1555749,85,375099520
2024,Delhi,1577802,66,251142569
2024,Karnataka,1408050,75,441078642
2019,Gujarat,1446035,90,764218420
2015,Delhi,1160275,79,391181830
2018,Maharashtra,1890610,86,211795964
2021,Gujarat,1918687,72,449583940
2019,Maharashtra,1769544,89,411705176
2023,Karnataka,1157617,86,419731220
2020,Gujarat,1458463,78,448788495
2021,Maharashtra,1498777,79,307397261
2018,Karnataka,1226915,81,633966679
2021,Tamil Nadu,1677716,77,568866970
2020,Karnataka,1670332,83,630029303
2022,Karnataka,1611977,81,325164611
2017,Maharashtra,942353,83,519075131
2019,Tamil Nadu,1104959,72,710984383
2022,Delhi,1681279,82,202107693
2015,Gujarat,1132083,71,636921117
2018,Tamil Nadu,1959578,67,340419653
2015,Delhi,1270151,87,422070596
2024,Karnataka,1837139,76,722572514
2020,Delhi,1803013,86,439584221
2018,Karnataka,1674920,78,781644679
2016,Delhi,1053470,78,361957832
2022,Maharashtra,1344638,71,753446341
2018,Delhi,975972,90,299250409
2016,Gujarat,1231152,80,726601644
2019,Maharashtra,1986297,77,356428156
2024,Karnataka,836751,89,668849846
2021,Maharashtra,1263618,88,463257131
2017,Karnataka,1295320,80,795478882
2020,Tamil Nadu,1867122,69,564266496
2018,Karnataka,1693709,65,336329656
2018,Karnataka,1347156,74,556326548
2017,Karnataka,1729822,88,548081641
2022,Delhi,1704683,66,411256178
2017,Tamil Nadu,898599,81,768891476
2016,Karnataka,1124846,67,579274036
2015,Delhi,1902628,71,697859006
2021,Delhi,1033609,82,490055904
2020,Karnataka,1085314,65,785803532
2024,Karnataka,1557926,72,401911404
2017,Maharashtra,1555305,77,441734576
2017,Tamil Nadu,1672601,82,399770631
2016,Gujarat,956526,79,350569745
2018,Gujarat,1860462,68,673039947
2023,Delhi,1587809,85,281410197
2022,Karnataka,1607620,74,771152419
2020,Karnataka,919631,76,602884952
2020,Tamil Nadu,834911,77,562953140
2022,Delhi,1241971,72,570189414
2016,Maharashtra,1487194,70,402766324
2019,Tamil Nadu,936986,65,507517324
2023,Delhi,973782,89,425607679
2022,Gujarat,1986047,73,673647900
2021,Maharashtra,1087845,89,413006062
2019,Tamil Nadu,1435872,85,373124935
2024,Delhi,1422866,87,340111438
2023,Maharashtra,1994459,90,642258087
2015,Gujarat,1123362,80,704597870
2015,Karnataka,1937681,74,575849579
2016,Tamil Nadu,1539378,65,360472108
2023,Tamil Nadu,1988976,81,657885311
2023,Tamil Nadu,1490753,68,673251901
2024,Karnataka,1997826,69,231215914
2021,Maharashtra,1520985,66,752297526
2016,Karnataka,1981202,78,691644695
2021,Gujarat,1738031,90,507082449
2021,Delhi,1417484,73,558843728
2019,Delhi,1208481,79,208545603
2016,Delhi,1540415,66,374992432
2023,Delhi,1315655,69,377788204
2015,Karnataka,932491,68,556084294
2017,Karnataka,1701848,66,267783963
2015,Maharashtra,1985669,70,631737597
2021,Karnataka,1845983,82,776681817
2019,Gujarat,1274178,74,651144453
2024,Delhi,1834669,66,462551210
2021,Tamil Nadu,1163792,80,307227579
2024,Gujarat,944585,79,505238848
2017,Delhi,1936244,81,703680878
2019,Delhi,1585518,78,290519242
2023,Maharashtra,1600865,72,488597219
2023,Tamil Nadu,1733037,76,367555926
2015,Maharashtra,1451875,77,566612667
2022,Gujarat,826812,76,766495218
2021,Karnataka,934212,90,648915056
2022,Maharashtra,1907762,69,347885530
2018,Karnataka,1529630,83,604245466
2020,Tamil Nadu,1668735,74,328881755
2022,Tamil Nadu,972093,75,677282465
2024,Delhi,853405,66,648561742
2024,Tamil Nadu,1308590,65,422108856
2019,Delhi,1115513,90,506267827
2017,Maharashtra,1740880,87,292090192
2023,Karnataka,1722875,75,794093251
2021,Delhi,1967861,89,244570408
2024,Maharashtra,1391028,83,234811104
2023,Gujarat,1201578,76,203639757
2022,Tamil Nadu,1258386,89,504057964
2023,Tamil Nadu,1733076,67,620923886
2015,Gujarat,1175162,66,560269571
2017,Maharashtra,1409637,65,768405096
2021,Delhi,1788715,80,625873612
2023,Tamil Nadu,1581636,74,231931670
2024,Gujarat,893254,75,777090800
2018,Maharashtra,1971491,71,506164533
2018,Karnataka,1459704,82,760302557
2021,Delhi,1409717,77,384207364
2020,Delhi,1247326,77,744645315
2016,Gujarat,1737455,78,620860455
2015,Maharashtra,1637948,88,528063796
2017,Delhi,1105985,73,750479527
2023,Tamil Nadu,1444336,74,395146209
2024,Maharashtra,1581732,81,345061254
2022,Delhi,1019151,66,334841012
2024,Maharashtra,1153130,76,397018742
2015,Gujarat,1353998,73,418197590
2017,Delhi,1737288,88,579526240
2021,Tamil Nadu,920459,79,291711840
2023,Delhi,837481,72,338793940
2019,Gujarat,1673745,80,515305264
2024,Tamil Nadu,1352304,68,617226615
2016,Karnataka,1384119,87,596720089
2018,Maharashtra,883513,85,425649401
2020,Delhi,1620385,78,319090582
2017,Maharashtra,1489149,84,447160328
2019,Gujarat,1298775,71,696179320
2020,Karnataka,1694188,89,475164339
2022,Karnataka,1787044,76,608147842
2016,Tamil Nadu,1015240,70,392939459
2019,Delhi,940867,73,301026644
2015,Maharashtra,1932210,75,273870952
2020,Karnataka,895697,76,583871926
2020,Maharashtra,1036294,72,462603105
2015,Delhi,1791756,84,618479335
2016,Karnataka,884332,79,644261168
2019,Karnataka,1186423,84,535010490
2023,Gujarat,1019461,72,687793467
2021,Tamil Nadu,1686195,85,480974491
2024,Delhi,1145739,65,682165315
2022,Tamil Nadu,1003733,74,548589519
2023,Maharashtra,1892343,72,355925240
2017,Delhi,1398780,82,528611720
2019,Gujarat,913000,88,756378468
2017,Gujarat,1686911,82,442222633
2020,Karnataka,867758,71,429199853
2023,Karnataka,1553994,69,501241900
2018,Karnataka,1662092,80,707882982
2022,Delhi,1286659,88,335691059
2020,Tamil Nadu,831919,78,223277819
2022,Tamil Nadu,1661928,90,429605656
2024,Delhi,1209167,86,217597719
2021,Maharashtra,914757,68,788946308
2021,Tamil Nadu,1404656,86,556418835
2020,Delhi,1331227,68,619618538
2016,Maharashtra,1695204,89,749887427
2021,Tamil Nadu,1198517,66,693933034
2021,Tamil Nadu,1157940,74,240149060
2019,Maharashtra,908982,80,607281274
2020,Tamil Nadu,1571872,86,461333246
2015,Karnataka,864984,89,646855381
2015,Maharashtra,1269216,70,311782880
2024,Tamil Nadu,1333947,86,406063686
2015,Tamil Nadu,1932965,68,300929239
2021,Delhi,941138,89,307242896
2022,Delhi,1821099,81,344198858
2024,Karnataka,1789434,70,212948764
2021,Karnataka,1317585,70,523181667
2020,Delhi,1641495,76,579534471
2016,Maharashtra,1993127,79,602827533
2019,Tamil Nadu,1832499,88,264375048
2016,Delhi,1551436,68,484803322
2020,Tamil Nadu,866460,88,645069269
2021,Maharashtra,1478887,85,540775241
2022,Karnataka,1515676,77,344661475
2018,Karnataka,1836306,66,662073586
2023,Maharashtra,815274,77,206869423
2023,Maharashtra,1347834,78,254667711
2019,Delhi,1918358,75,617668131
2021,Karnataka,1224346,65,334709913
2022,Maharashtra,1622091,65,689011853
2022,Karnataka,823294,76,266794733
2020,Maharashtra,1211274,70,765712232
2024,Karnataka,1632420,66,377093877
2022,Karnataka,817560,81,539374170
2021,Delhi,1707635,66,267034226
2016,Gujarat,1300117,80,699751546
2020,Maharashtra,1061086,90,365628792
2022,Gujarat,1491371,67,602023859
2020,Gujarat,1021831,65,229212059
2019,Karnataka,1495180,85,588651940
2018,Maharashtra,1958855,67,372579106
2019,Tamil Nadu,1693785,88,746157245
2017,Maharashtra,1490464,78,712335370
2023,Gujarat,1536217,79,288161119
2021,Delhi,1477787,67,302743492
2017,Karnataka,927714,68,768698253
2018,Maharashtra,1170368,80,721564170
2016,Gujarat,1932490,90,251051482
2017,Gujarat,999236,80,203980926
2022,Gujarat,1630548,90,254021832
2019,Tamil Nadu,1330422,89,609820595
2023,Gujarat,1930508,72,550882280
2021,Karnataka,1928062,68,213719310
2017,Maharashtra,1125862,85,303790688
2024,Karnataka,1008789,72,332309782
2023,Maharashtra,1599892,86,776586031
2017,Maharashtra,1463511,77,762987322
2023,Delhi,1035378,90,356530423
2015,Gujarat,911055,70,410248220
2022,Delhi,1624917,65,439451474
2023,Gujarat,809283,70,537781061
2017,Maharashtra,1710731,76,602250340
2023,Maharashtra,1401103,89,634063283
2020,Karnataka,1980176,89,342449228
2017,Gujarat,1242190,69,323194970
2019,Gujarat,1356152,87,490315049
2021,Maharashtra,863818,69,244549857
2016,Karnataka,1646432,84,474242903
2024,Gujarat,1948005,74,678065438
2021,Maharashtra,975991,77,539453634
2017,Karnataka,1240615,74,576357293
2021,Delhi,1128175,69,347990522
2019,Maharashtra,889043,89,533844722
2018,Delhi,1473864,89,718437795
2015,Gujarat,1839095,79,345121888
2016,Delhi,835200,76,284206642
2018,Karnataka,1214404,73,629929911
2024,Tamil Nadu,1291248,89,487958480
2023,Karnataka,1612559,90,256688401
2024,Tamil Nadu,1478199,83,366406968
2023,Karnataka,1445710,71,441156728
2015,Maharashtra,1651516,82,660933369
2022,Delhi,1501456,74,610536811
2019,Maharashtra,1288367,81,690268403
2017,Delhi,1638911,85,319265884
2021,Maharashtra,1851315,85,230946868
2022,Delhi,1145215,73,775229823
2023,Maharashtra,803081,81,466696230
2017,Delhi,1160697,71,380787931
2024,Delhi,1333911,86,726094600
2023,Gujarat,1565522,68,797141275
2016,Tamil Nadu,1023255,79,385078656
2024,Gujarat,947201,75,232840921
2019,Gujarat,881421,75,441374002
2018,Delhi,1735561,85,520020697
2016,Maharashtra,1819201,75,617497988
2018,Tamil Nadu,1001952,89,318250770
2019,Tamil Nadu,1641787,74,464299443
2022,Maharashtra,1750393,82,293949650
2019,Gujarat,1028830,89,465566301
2022,Karnataka,1732178,84,427073206
2024,Maharashtra,1634258,86,740171088
2023,Delhi,1233659,68,289756866
2024,Tamil Nadu,1601616,89,312921319
2017,Gujarat,1146090,89,467229832
2018,Delhi,1649246,87,316007426
2022,Delhi,1905207,67,345545144
2024,Maharashtra,1772650,88,238907853
2019,Delhi,1033403,87,604900570
2023,Gujarat,1153249,88,685419751
2017,Tamil Nadu,1670892,72,777919704
2019,Delhi,1567822,83,442307830
2018,Tamil Nadu,1774297,76,540568582
2017,Delhi,1652849,86,419778428
2015,Gujarat,1730691,87,598304331
2024,Tamil Nadu,1652040,68,256220697
2021,Delhi,1472247,75,431922954
2020,Delhi,1687640,68,779674763
2021,Tamil Nadu,972411,75,235149899
2023,Maharashtra,1766646,72,247561549
2017,Maharashtra,850278,80,304408598
2019,Maharashtra,1329270,71,753392511
2021,Maharashtra,1907661,80,363729043
2024,Gujarat,1243459,73,606299239
2020,Maharashtra,1035524,70,385075405
2023,Tamil Nadu,1130889,65,327139522
2021,Gujarat,1586863,83,361048054
2024,Maharashtra,1643608,80,456437148
2017,Gujarat,945845,88,603907257
2023,Karnataka,1826323,71,575140307
2019,Karnataka,877291,78,318934837
2020,Karnataka,991217,75,304290932
2022,Karnataka,816230,70,479244645
2021,Maharashtra,1938059,88,263188005
2023,Delhi,1025240,75,221641791
2015,Gujarat,1474873,88,331001337
2015,Gujarat,858072,70,626877885
2017,Tamil Nadu,1518776,73,674377782
2017,Gujarat,1735648,73,625853982
2016,Karnataka,1922402,65,637431552
2023,Karnataka,1880522,88,244636123
2016,Maharashtra,917023,73,546922856
2015,Maharashtra,1323030,72,304609218
2021,Delhi,1091680,75,532011684
2016,Karnataka,1096670,89,776112104
2017,Tamil Nadu,1975940,83,430824065
2021,Gujarat,1629556,90,228611200
2017,Maharashtra,1996904,67,537023213
2018,Tamil Nadu,1024004,84,399393985
2020,Tamil Nadu,1293899,66,749277784
2015,Gujarat,1370470,84,666552625
2023,Delhi,1920621,80,319916633
2015,Karnataka,1089284,71,538941760
2015,Tamil Nadu,1905025,66,539489409
2020,Tamil Nadu,855911,82,229511635
2016,Karnataka,965206,74,434496789
2021,Maharashtra,1340204,72,481701722
2020,Tamil Nadu,1954434,88,740996978
2017,Delhi,1116986,71,607427402
2019,Maharashtra,884941,66,620007213
2019,Tamil Nadu,918729,82,363941254
2017,Tamil Nadu,1050453,68,718284385
2024,Karnataka,1326464,80,297945261
2020,Maharashtra,1091056,86,544051758
2024,Maharashtra,1816910,76,216143506
2022,Gujarat,1172662,66,589224871
2021,Tamil Nadu,1883229,75,654854824
2021,Maharashtra,931379,72,621633639
2024,Tamil Nadu,1190153,82,790124094
2019,Karnataka,1507200,76,262727508
2015,Karnataka,1834364,73,658370808
2021,Maharashtra,1076257,65,672727727
2021,Maharashtra,1819159,84,643355815
2018,Delhi,1073436,77,613264246
2015,Delhi,904686,87,389041350
2017,Gujarat,1146050,71,306685697
2020,Maharashtra,1811040,78,462669573
2015,Maharashtra,869158,89,224818708
2016,Gujarat,1847318,78,782307754
2020,Delhi,1746090,85,348924421
2021,Tamil Nadu,1108395,89,267723310
2022,Delhi,1288382,70,413961073
2022,Tamil Nadu,1592619,72,526387672
2019,Delhi,1186233,88,721976696
2017,Tamil Nadu,900050,84,581533610
2024,Tamil Nadu,1435156,65,459291331
2016,Tamil Nadu,1566827,79,299982409
2019,Delhi,1274297,74,325439488
2016,Gujarat,1027603,75,390876942
2018,Maharashtra,1469460,82,402966040
2023,Gujarat,1537798,73,637555234
2019,Tamil Nadu,1179840,81,744278723
2020,Maharashtra,1508591,70,449107109
2024,Karnataka,1859594,80,630131595
2018,Delhi,1144119,74,491284799
2021,Delhi,1433659,88,762780033
2017,Tamil Nadu,1491093,75,682861141
2021,Maharashtra,1376969,76,528852516
2018,Tamil Nadu,1212776,68,696605681
2020,Maharashtra,849930,79,720934687
2023,Tamil Nadu,1401211,83,491678815
2016,Karnataka,1822277,87,787108366
2024,Gujarat,879255,77,275378641
2016,Maharashtra,1345292,78,517838867
2015,Gujarat,1136888,69,346275222
2022,Gujarat,1815006,66,385989931
2016,Karnataka,1016455,65,438579594
2017,Tamil Nadu,1768315,71,334207363
2022,Delhi,1375412,70,719839604
2020,Delhi,1580586,82,276206697
2021,Tamil Nadu,1610470,83,651153497
2019,Delhi,1709546,80,779337313
2016,Gujarat,1064748,90,450301483
2021,Tamil Nadu,912272,88,418410098
2023,Karnataka,1675217,90,211670160
2022,Gujarat,1002620,90,327771287
2020,Gujarat,1131624,67,601089408
2024,Delhi,1564518,67,245197546
2017,Karnataka,1983522,74,472041281
2022,Tamil Nadu,1005912,75,725507256
2018,Karnataka,1685998,78,683530597
2023,Gujarat,1237928,80,704115747
2019,Gujarat,1582567,67,793179692
2023,Gujarat,1430854,67,351175454
2022,Gujarat,890279,85,469381139
2023,Karnataka,1069481,84,282185153
2015,Tamil Nadu,1308417,87,344308787
2024,Karnataka,1700905,83,782133958
2016,Delhi,1924247,88,591582911
2022,Tamil Nadu,1260913,67,760743379
2021,Gujarat,1749395,83,752202052
2024,Karnataka,1396050,72,521002428
2018,Karnataka,1057178,82,425654267
2024,Tamil Nadu,915425,86,515168391
2021,Tamil Nadu,1413676,88,733165002
2018,Gujarat,1836769,69,584364715
2015,Tamil Nadu,1257874,79,590013499
2016,Tamil Nadu,1758825,87,591142920
2022,Delhi,1447148,88,290999949
2020,Karnataka,806859,68,624842871
2015,Maharashtra,1790656,80,375393931
2019,Karnataka,986950,87,658604581
2018,Delhi,1690588,88,641951093
2021,Gujarat,1636471,74,529090463
2018,Tamil Nadu,1290113,71,709891164
2015,Delhi,880940,90,282141072
2018,Gujarat,1512749,70,594336189
2019,Gujarat,922232,85,478007722
2015,Tamil Nadu,867662,90,431781392
2020,Tamil Nadu,1424877,84,497467482
2021,Maharashtra,920520,86,324879729
2023,Gujarat,1063708,65,328654040
2016,Delhi,1553242,80,291837676
2015,Karnataka,868614,82,728597165
2015,Delhi,1532176,81,544618689
2021,Delhi,1242437,79,546625288
2024,Gujarat,1575946,83,454369912
2020,Tamil Nadu,903528,68,737971330
2020,Tamil Nadu,860770,85,749781428
2019,Karnataka,1938728,88,332480665
2017,Karnataka,1785828,78,596779613
2018,Tamil Nadu,813012,67,693568335
2020,Delhi,1551922,67,624068513
2017,Maharashtra,1976639,76,789895019
2021,Delhi,835987,85,757193880
2019,Karnataka,1576599,68,477798388
2022,Gujarat,1879704,85,202242683
2016,Maharashtra,1079591,85,571750118
2022,Maharashtra,845858,83,616503351
2024,Karnataka,1621818,73,591662390
2016,Tamil Nadu,867489,86,705039762
2019,Karnataka,1363129,71,482268631
2023,Gujarat,1689570,84,400298684
2022,Delhi,1694702,90,779260592
2017,Gujarat,1551917,85,608041005
2019,Maharashtra,1353522,80,414582079
2017,Tamil Nadu,1461094,84,576420271
2020,Delhi,1653119,78,482648818
2015,Tamil Nadu,805206,66,612420427
2022,Gujarat,1750981,77,483291177
2022,Tamil Nadu,841700,87,497481324
2023,Gujarat,1262964,78,343937775
2021,Gujarat,1582882,84,790564975
2021,Gujarat,1663098,65,342965449
2022,Karnataka,861207,66,601756879
2017,Maharashtra,1141269,76,744138477
2022,Gujarat,1557821,68,333501297
2022,Gujarat,1263071,70,431934637
2018,Gujarat,1919317,73,576196786
2016,Tamil Nadu,1723837,85,701334803
2015,Gujarat,1501786,65,756447500
2024,Delhi,1476524,82,453428841
2019,Delhi,1400515,79,437525284
2022,Gujarat,1818349,72,578521902
2024,Karnataka,1676356,66,351792618
2018,Gujarat,1614120,79,612624788
2024,Maharashtra,1180892,77,317458297
2020,Gujarat,822229,75,424215963
2023,Karnataka,1009275,90,770148283
2020,Gujarat,1572063,78,333328719
2024,Maharashtra,1391309,77,682747775
2019,Delhi,911436,73,354198948
2020,Delhi,1439398,85,422365833
2019,Delhi,889651,82,432257890
2016,Maharashtra,811759,89,644018691
2022,Tamil Nadu,1226432,90,731883457
2017,Maharashtra,1655751,75,790603946
2020,Delhi,945759,86,571427675
2019,Delhi,1596802,86,551660422
2018,Tamil Nadu,1429683,78,332739301
2018,Maharashtra,1800524,83,594518249
2015,Gujarat,983353,83,302616273
2022,Gujarat,1353709,89,608218285
2015,Delhi,1736908,87,206482468
2021,Maharashtra,1403589,75,413864817
2019,Tamil Nadu,1642101,89,611981807
2020,Delhi,826693,68,791268552
2022,Delhi,1953201,81,400395846
2017,Karnataka,1124199,74,450067047
2016,Tamil Nadu,1997477,88,349496424
2018,Maharashtra,1211202,85,225564146
2023,Delhi,1133615,72,339686440
2022,Maharashtra,811747,70,664898673
2023,Gujarat,979823,81,534439730
2015,Maharashtra,1596055,77,765652984
2021,Gujarat,1475418,90,669889327
2023,Tamil Nadu,1916436,82,252618334
2018,Gujarat,1069081,75,408270307
2016,Tamil Nadu,1694925,72,268190290
2021,Tamil Nadu,1601353,83,299643833
2022,Tamil Nadu,1938725,83,578528056
2024,Karnataka,1265536,76,716385390
2015,Gujarat,1448081,88,436438840
2018,Maharashtra,1842047,78,411447609
2021,Delhi,1777953,69,793936870
2023,Gujarat,1924614,70,755513291
2021,Maharashtra,1806445,69,333655703
2016,Delhi,1195542,67,629445280
2018,Gujarat,1123257,78,506685910
2024,Gujarat,855442,76,609815298
2021,Tamil Nadu,1778775,69,452329143
2020,Maharashtra,919507,72,644725556
2020,Delhi,889175,82,695157296
2016,Tamil Nadu,1539105,90,327410418
2022,Maharashtra,872101,66,259935206
2019,Maharashtra,1623747,82,626086126
2018,Delhi,1740383,69,796215014
2021,Tamil Nadu,1850403,88,757233405
2018,Tamil Nadu,1860029,88,301811300
2016,Delhi,845191,86,282278774
2021,Maharashtra,1641719,81,781445183
2023,Karnataka,809858,83,436848222
2015,Tamil Nadu,1393165,75,782683719
2023,Maharashtra,1441317,79,693564963
2024,Delhi,1241004,65,403210659
2016,Tamil Nadu,1857044,89,312480588
2024,Karnataka,1562931,76,678165169
2024,Delhi,1704170,67,694126004
2020,Maharashtra,1912659,75,369110438
2022,Tamil Nadu,1378917,75,791517631
2021,Karnataka,1772444,67,637476313
2017,Tamil Nadu,1671899,78,271743474
2019,Karnataka,1378106,67,646695836
2018,Tamil Nadu,1968793,80,534027409
2024,Tamil Nadu,1693275,77,229136349
2015,Karnataka,896700,72,714730549
2020,Tamil Nadu,1270925,71,588675551
2019,Maharashtra,1549917,86,616483541
2022,Delhi,1047325,81,432899623
2019,Gujarat,818825,89,409551062
2016,Tamil Nadu,1661869,66,767753197
2021,Maharashtra,1663015,80,242917772
2021,Tamil Nadu,943433,75,623811917
2023,Karnataka,959920,78,370590059
2023,Gujarat,1191581,76,737344337
2020,Maharashtra,1026804,69,316631314
2020,Delhi,1274490,68,743732732
2023,Delhi,1401398,90,647138907
2019,Karnataka,1348426,78,489024898
2021,Karnataka,1225132,90,677620932
2021,Delhi,1097238,72,753973036
2015,Gujarat,1547941,86,701466483
2022,Karnataka,1346904,80,509932781
2018,Maharashtra,1678984,68,320241538
2017,Gujarat,1503079,72,406301806
2020,Karnataka,967728,85,453926943
2023,Karnataka,1879353,81,201257233
2024,Tamil Nadu,1285307,65,746643705
2015,Delhi,1569233,90,356504722
2022,Delhi,1425918,77,703061267
2019,Karnataka,1335030,88,312424844
2018,Karnataka,1135399,73,227338642
2024,Tamil Nadu,1818622,67,671689180
2015,Tamil Nadu,1241564,89,433553720
2023,Delhi,1973023,82,548584201
2023,Gujarat,1555546,79,783845363
2019,Delhi,1880906,78,716547871
2019,Maharashtra,1210732,84,244609770
2024,Karnataka,1973486,71,561308653
2016,Gujarat,1971284,73,604998144
2019,Gujarat,1178783,67,626521519
2019,Maharashtra,1147764,89,280750925
2024,Delhi,1440516,74,217852685
2022,Karnataka,1029768,69,693976262
2017,Gujarat,1707120,72,637587977
2017,Maharashtra,1364220,82,613651879
2015,Delhi,993435,74,760753454
2015,Gujarat,1999975,89,238215397
2017,Delhi,1117778,69,687845583
2017,Maharashtra,1647759,83,386218145
2020,Karnataka,1171143,66,217954838
