Date,State,Tax_Collection,Government_Spending,Budget_Deficit
2020-01-01,Maharashtra,36985200,57226216,11612440
2020-01-02,Karnataka,34965869,68160561,14708432
2020-01-03,Delhi,63659261,61075006,2432131
2020-01-04,Gujarat,33660473,82583870,13738428
2020-01-05,Tamil Nadu,47771041,45591318,14882752
2020-01-06,Gujarat,67340647,88404938,4896733
2020-01-07,Karnataka,64367225,61044346,11291505
2020-01-08,Delhi,55300057,64797460,8300731
2020-01-09,Maharashtra,31086837,37226722,3224904
2020-01-10,Gujarat,51921108,59748059,12959899
2020-01-11,Maharashtra,56875239,58998346,11164944
2020-01-12,Maharashtra,77649297,61774120,8363009
2020-01-13,Delhi,47938574,42577266,4211698
2020-01-14,Maharashtra,50923953,64335715,1455454
2020-01-15,Delhi,61380242,82727988,3872913
2020-01-16,Gujarat,51219930,53698681,1553417
2020-01-17,Karnataka,38831764,40287055,10179369
2020-01-18,Maharashtra,69243671,35836377,3705319
2020-01-19,Maharashtra,70320157,81953540,8612744
2020-01-20,Gujarat,49422675,53930986,10856290
2020-01-21,Tamil Nadu,51991069,75035704,13240920
2020-01-22,Gujarat,42808283,59089672,11785240
2020-01-23,Gujarat,61179917,89859570,3788350
2020-01-24,Karnataka,48192741,45525726,5553784
2020-01-25,Tamil Nadu,46458315,70710872,14700263
2020-01-26,Karnataka,47240236,44312482,5474880
2020-01-27,Gujarat,32347713,38126650,10600687
2020-01-28,Delhi,68010810,83032027,2327479
2020-01-29,Karnataka,36084226,54683674,2374842
2020-01-30,Delhi,31535802,71876211,12866175
2020-01-31,Delhi,74236462,76775566,5003123
2020-02-01,Maharashtra,36619914,71454523,14496237
2020-02-02,Maharashtra,76401432,64274846,11784440
2020-02-03,Tamil Nadu,55009004,61531961,7953650
2020-02-04,Gujarat,48675294,67055355,9933967
2020-02-05,Delhi,57831715,63978424,2168291
2020-02-06,Maharashtra,55816785,42422728,8143912
2020-02-07,Maharashtra,51377293,72837990,11959782
2020-02-08,Gujarat,59557353,41840800,8764216
2020-02-09,Delhi,37349105,46053999,9139485
2020-02-10,Gujarat,75960475,37541716,13613336
2020-02-11,Maharashtra,48239719,70477630,13923380
2020-02-12,Maharashtra,74636591,70334370,4949287
2020-02-13,Gujarat,61491236,51095138,13816867
2020-02-14,Karnataka,59631602,70052628,11048518
2020-02-15,Maharashtra,59403931,49137846,9038731
2020-02-16,Tamil Nadu,43553868,50612502,5594105
2020-02-17,Karnataka,49066157,80724054,2069400
2020-02-18,Gujarat,49897061,39338876,1822709
2020-02-19,Gujarat,38301052,82947665,4370358
2020-02-20,Tamil Nadu,68244078,75170209,8460003
2020-02-21,Tamil Nadu,52595299,53386192,7569074
2020-02-22,Delhi,75420141,78770695,2097533
2020-02-23,Gujarat,79936522,85052000,2695095
2020-02-24,Delhi,72593923,89516808,9255768
2020-02-25,Karnataka,50153755,64512594,13826967
2020-02-26,Delhi,70018673,89466972,1342480
2020-02-27,Delhi,36181563,37838432,5830245
2020-02-28,Delhi,32577541,85500239,9317747
2020-02-29,Delhi,71567532,68164821,8197050
2020-03-01,Maharashtra,50462229,41265860,9700592
2020-03-02,Karnataka,35798689,56633539,4993293
2020-03-03,Karnataka,70467260,87369842,4620952
2020-03-04,Karnataka,42320617,57344412,8427408
2020-03-05,Maharashtra,72682236,51219498,14333909
2020-03-06,Tamil Nadu,31660955,67097951,5142632
2020-03-07,Maharashtra,78491610,59676759,4361382
2020-03-08,Gujarat,71452278,39821377,1266405
2020-03-09,Tamil Nadu,41674702,72697227,1772163
2020-03-10,Gujarat,66705953,69958946,2199242
2020-03-11,Maharashtra,37925743,65760040,11155798
2020-03-12,Delhi,33171170,56385227,8585871
2020-03-13,Delhi,59712226,54708550,6427636
2020-03-14,Maharashtra,78424132,35314989,10808414
2020-03-15,Karnataka,79044366,72569847,4951653
2020-03-16,Delhi,47360419,86069575,5682042
2020-03-17,Maharashtra,75588110,87718491,3579817
2020-03-18,Maharashtra,79284510,40145416,13565247
2020-03-19,Maharashtra,62222799,81521061,3488554
2020-03-20,Tamil Nadu,56008958,74972596,11007363
2020-03-21,Delhi,65350688,87025198,11635815
2020-03-22,Delhi,55539360,42542017,5241537
2020-03-23,Delhi,46072862,83089629,2386915
2020-03-24,Maharashtra,64093425,56954605,11637772
2020-03-25,Karnataka,34172208,62113493,12476570
2020-03-26,Maharashtra,39213481,75222098,9175068
2020-03-27,Maharashtra,70920715,74589836,14740156
2020-03-28,Tamil Nadu,63450307,36753671,1179010
2020-03-29,Tamil Nadu,52259427,75896888,8183511
2020-03-30,Maharashtra,79485879,76097145,13955136
2020-03-31,Tamil Nadu,69999132,70297802,1373546
2020-04-01,Karnataka,34834587,89000568,13427679
2020-04-02,Delhi,73453825,56520164,9482401
2020-04-03,Karnataka,52834674,86035359,2995283
2020-04-04,Tamil Nadu,73199045,71982758,1194534
2020-04-05,Tamil Nadu,59803552,81822908,10422642
2020-04-06,Maharashtra,45199488,40006575,9993694
2020-04-07,Delhi,50482677,59698772,13695339
2020-04-08,Karnataka,42058742,88809776,14597499
2020-04-09,Tamil Nadu,48744255,65995389,3054687
2020-04-10,Maharashtra,58463449,47241262,8930730
2020-04-11,Tamil Nadu,51987766,65622870,1942440
2020-04-12,Delhi,56204268,84083452,7341693
2020-04-13,Tamil Nadu,43484194,76657168,3465795
2020-04-14,Maharashtra,40799522,86179949,13537796
2020-04-15,Karnataka,58807441,83905260,3283290
2020-04-16,Gujarat,63984084,78126459,9015684
2020-04-17,Gujarat,43260873,49391439,11946632
2020-04-18,Tamil Nadu,49640188,57045294,6032109
2020-04-19,Karnataka,34390637,71828381,6461052
2020-04-20,Gujarat,49267293,85364092,11306850
2020-04-21,Karnataka,50109523,52101247,5941398
2020-04-22,Tamil Nadu,48336368,58628831,11552276
2020-04-23,Maharashtra,36378906,69504934,10049258
2020-04-24,Delhi,46901420,59564118,12847677
2020-04-25,Delhi,74181064,48052252,1722419
2020-04-26,Delhi,48750099,88899736,13680071
2020-04-27,Gujarat,77565697,57452157,4441192
2020-04-28,Gujarat,46641472,36915137,5765494
2020-04-29,Delhi,36814320,83889643,9598209
2020-04-30,Tamil Nadu,52826437,65781018,9028817
2020-05-01,Maharashtra,64058136,60424257,1096058
2020-05-02,Karnataka,75385082,47030398,10403706
2020-05-03,Delhi,53983740,80196865,5825916
2020-05-04,Delhi,69107945,53227889,9122118
2020-05-05,Delhi,58962962,79145560,9996564
2020-05-06,Maharashtra,42593663,54359338,12003265
2020-05-07,Delhi,37161581,41716505,8705766
2020-05-08,Tamil Nadu,63921590,67443017,1509215
2020-05-09,Karnataka,35138266,46100194,5368854
2020-05-10,Karnataka,36687688,36155831,2316187
2020-05-11,Karnataka,43470052,66690529,11004119
2020-05-12,Tamil Nadu,35491398,37531973,12686719
2020-05-13,Tamil Nadu,70411899,45580902,1210793
2020-05-14,Maharashtra,43213493,72916065,14974531
2020-05-15,Gujarat,67217072,64857047,14052470
2020-05-16,Gujarat,73525990,39751290,14334822
2020-05-17,Gujarat,36092908,59664299,3595387
2020-05-18,Gujarat,56596457,71497648,7757993
2020-05-19,Delhi,53659988,67964468,11792754
2020-05-20,Karnataka,75385088,58200077,14487456
2020-05-21,Tamil Nadu,32887757,62045711,3939424
2020-05-22,Maharashtra,62444958,41628771,10251673
2020-05-23,Tamil Nadu,37265855,76801094,14049921
2020-05-24,Maharashtra,75586528,69840599,3968161
2020-05-25,Maharashtra,34758998,76954025,1477118
2020-05-26,Gujarat,42393877,45870780,9990065
2020-05-27,Maharashtra,40291363,45951035,1269745
2020-05-28,Delhi,50126890,46686008,6620142
2020-05-29,Tamil Nadu,66667451,87513452,10486542
2020-05-30,Gujarat,58009054,42308441,4834038
2020-05-31,Tamil Nadu,55432601,60695753,7975104
2020-06-01,Maharashtra,78839229,86251862,5058969
2020-06-02,Maharashtra,55390270,79608530,14778683
2020-06-03,Gujarat,63031165,80150585,2700591
2020-06-04,Tamil Nadu,57590004,48791017,2100682
2020-06-05,Delhi,34244470,72299146,4687452
2020-06-06,Gujarat,72964125,89024900,4311952
2020-06-07,Delhi,41510110,82222616,2225290
2020-06-08,Gujarat,56603198,39889492,1720985
2020-06-09,Maharashtra,69938802,67245099,5620925
2020-06-10,Tamil Nadu,51089453,59197708,8917928
2020-06-11,Gujarat,79935372,75761365,10676050
2020-06-12,Tamil Nadu,61081084,66407195,1606596
2020-06-13,Maharashtra,50644786,57473882,11110486
2020-06-14,Maharashtra,76521288,81396616,2556726
2020-06-15,Karnataka,62481513,83626319,2996120
2020-06-16,Karnataka,44116101,71163093,2644738
2020-06-17,Tamil Nadu,77037354,45302000,4869575
2020-06-18,Karnataka,65603673,87392164,3207240
2020-06-19,Karnataka,50758095,56163801,2673780
2020-06-20,Delhi,31580559,81633417,5036458
2020-06-21,Karnataka,65325156,68348877,1862053
2020-06-22,Delhi,78586157,72812264,7088199
2020-06-23,Karnataka,51380207,67047296,4457980
2020-06-24,Tamil Nadu,56839576,82854109,5060531
2020-06-25,Delhi,61661955,57609745,3634434
2020-06-26,Karnataka,44169057,41054098,5397093
2020-06-27,Karnataka,57400066,55683217,5974545
2020-06-28,Delhi,65362228,54538240,11834228
2020-06-29,Tamil Nadu,64613941,38085306,3948134
2020-06-30,Tamil Nadu,76056693,37149582,7540256
2020-07-01,Delhi,77381341,49541497,9664290
2020-07-02,Delhi,30700624,39442463,1529110
2020-07-03,Tamil Nadu,57582875,45363581,3689963
2020-07-04,Gujarat,69128961,72176906,10494424
2020-07-05,Tamil Nadu,38942206,36421525,1777831
2020-07-06,Maharashtra,59081553,51880987,14774535
2020-07-07,Maharashtra,40268254,73795087,10020320
2020-07-08,Karnataka,39119660,48160171,4508114
2020-07-09,Delhi,50267369,63333003,9696911
2020-07-10,Karnataka,32136461,63181886,3375153
2020-07-11,Karnataka,50573802,64675743,13712112
2020-07-12,Tamil Nadu,59502229,43611367,13652952
2020-07-13,Tamil Nadu,74860716,63182806,11144016
2020-07-14,Delhi,33900783,50576253,1874205
2020-07-15,Tamil Nadu,53244774,64457365,11237401
2020-07-16,Maharashtra,51667745,39547079,11434416
2020-07-17,Gujarat,70751834,54086439,6629062
2020-07-18,Karnataka,73030453,73471867,13348200
2020-07-19,Tamil Nadu,35208489,68919339,1722947
2020-07-20,Maharashtra,39535928,75375106,6971678
2020-07-21,Delhi,75337596,58153477,14482779
2020-07-22,Gujarat,60620769,63101713,3419139
2020-07-23,Tamil Nadu,67008957,70565351,10560585
2020-07-24,Delhi,34288361,41617823,5331203
2020-07-25,Tamil Nadu,70983710,77279234,6071212
2020-07-26,Delhi,47905342,46000675,2163521
2020-07-27,Tamil Nadu,76318291,89898307,2394090
2020-07-28,Delhi,53742504,58112963,5984178
2020-07-29,Delhi,30761751,71471706,1144890
2020-07-30,Karnataka,73459059,70799450,8460730
2020-07-31,Delhi,44566744,38264363,14271599
2020-08-01,Tamil Nadu,33910361,64216335,8240023
2020-08-02,Karnataka,62222477,65906967,4172237
2020-08-03,Gujarat,70833261,54383608,2937536
2020-08-04,Delhi,56813160,58997108,8467253
2020-08-05,Gujarat,50591098,39895374,7774969
2020-08-06,Maharashtra,32776956,88467642,1692574
2020-08-07,Delhi,46566043,53811139,3173229
2020-08-08,Maharashtra,77346182,75913905,5606855
2020-08-09,Delhi,38835303,80461213,5803923
2020-08-10,Gujarat,72028183,39443862,14617305
2020-08-11,Maharashtra,49010522,51233532,2233678
2020-08-12,Maharashtra,79616977,80328095,8110776
2020-08-13,Gujarat,36286760,78268607,6708851
2020-08-14,Maharashtra,39878865,56871750,4682853
2020-08-15,Tamil Nadu,78679619,58655748,3334064
2020-08-16,Maharashtra,72534528,57562598,1319415
2020-08-17,Maharashtra,71807168,73038320,13611069
2020-08-18,Delhi,78154099,51314591,1293732
2020-08-19,Karnataka,40940824,52716156,12898521
2020-08-20,Gujarat,49220995,63666337,8228582
2020-08-21,Delhi,31967054,79910497,11079512
2020-08-22,Delhi,34931303,64019106,12659696
2020-08-23,Tamil Nadu,36647169,70942318,7616337
2020-08-24,Gujarat,52738296,53268082,10366520
2020-08-25,Karnataka,78609534,71224412,4531550
2020-08-26,Delhi,46519162,37391760,13867689
2020-08-27,Gujarat,60370581,35862333,1484752
2020-08-28,Maharashtra,76489601,50074147,7443176
2020-08-29,Tamil Nadu,72490440,65447866,13508134
2020-08-30,Delhi,77212107,62541913,1323914
2020-08-31,Karnataka,43501931,83970184,5400174
2020-09-01,Maharashtra,40461607,38315891,13658686
2020-09-02,Karnataka,63552480,68763118,11546023
2020-09-03,Tamil Nadu,31785854,83083226,1336188
2020-09-04,Maharashtra,32403358,37995866,12911029
2020-09-05,Gujarat,58558026,44632135,5126007
2020-09-06,Tamil Nadu,71013193,88850794,9526114
2020-09-07,Gujarat,45310500,69769390,2960106
2020-09-08,Maharashtra,53770510,49836368,4701804
2020-09-09,Maharashtra,75920465,76183376,4783028
2020-09-10,Gujarat,59353807,50768117,2574521
2020-09-11,Delhi,30730717,46216782,3510753
2020-09-12,Tamil Nadu,58113849,76865269,3750266
2020-09-13,Tamil Nadu,68871433,40405356,5099450
2020-09-14,Gujarat,45941944,62997737,1045283
2020-09-15,Delhi,56137019,60939755,11206832
2020-09-16,Maharashtra,65667330,66448134,4439960
2020-09-17,Gujarat,46783018,43047178,4758369
2020-09-18,Maharashtra,72647855,46391497,5976854
2020-09-19,Gujarat,43944342,54847998,13539247
2020-09-20,Delhi,43975999,57537400,14711022
2020-09-21,Tamil Nadu,71697819,37992745,13239054
2020-09-22,Tamil Nadu,70578008,61858324,10415556
2020-09-23,Maharashtra,78973250,61002214,11569492
2020-09-24,Maharashtra,44911733,62819906,1243937
2020-09-25,Karnataka,38551117,69374680,4335228
2020-09-26,Delhi,77617608,37130388,13588762
2020-09-27,Karnataka,71256039,37073302,13662054
2020-09-28,Delhi,50604192,37277325,7744788
2020-09-29,Gujarat,31966467,60376268,7005913
2020-09-30,Delhi,41994403,38987818,2260969
2020-10-01,Maharashtra,32055322,48168041,4618311
2020-10-02,Delhi,49034880,67491422,7148832
2020-10-03,Tamil Nadu,45270748,88615841,3716793
2020-10-04,Karnataka,57890083,42603675,4519811
2020-10-05,Delhi,47153030,89126449,9235466
2020-10-06,Maharashtra,77395673,54582966,7489974
2020-10-07,Tamil Nadu,74167132,87698545,10349211
2020-10-08,Karnataka,69971493,81419109,2642728
2020-10-09,Maharashtra,41920885,68354396,1005340
2020-10-10,Karnataka,31896883,35358245,5745567
2020-10-11,Tamil Nadu,40741009,53403764,10202623
2020-10-12,Delhi,56537402,63557851,13304225
2020-10-13,Tamil Nadu,78807596,53213310,5010420
2020-10-14,Tamil Nadu,34099010,63635397,13907135
2020-10-15,Tamil Nadu,54797957,76735552,7645525
2020-10-16,Maharashtra,37311492,81762746,3137776
2020-10-17,Delhi,52551703,46179644,9943897
2020-10-18,Gujarat,78205206,56105994,12321574
2020-10-19,Gujarat,49589271,61560670,1478040
2020-10-20,Delhi,41320270,66726156,11936953
2020-10-21,Maharashtra,55639424,63311440,6223940
2020-10-22,Karnataka,65002436,53020762,3868093
2020-10-23,Maharashtra,47486203,59082641,5798494
2020-10-24,Delhi,54981031,79976525,4392476
2020-10-25,Tamil Nadu,38414722,57032215,13932617
2020-10-26,Maharashtra,77915556,38884501,10543693
2020-10-27,Gujarat,55199214,38825794,9667364
2020-10-28,Delhi,76646604,51262706,6088834
2020-10-29,Maharashtra,36921943,51918323,4344531
2020-10-30,Delhi,76795050,89150923,13435235
2020-10-31,Maharashtra,70981540,78480304,1951554
2020-11-01,Gujarat,69588962,46614398,1566051
2020-11-02,Karnataka,49200275,84339382,2850932
2020-11-03,Karnataka,37739584,46291760,2189057
2020-11-04,Tamil Nadu,44706930,57590855,5526642
2020-11-05,Gujarat,36262527,44596060,12988835
2020-11-06,Maharashtra,60835248,47723363,7925744
2020-11-07,Tamil Nadu,51587161,36763721,11179183
2020-11-08,Karnataka,77855885,85902670,13153025
2020-11-09,Tamil Nadu,54117305,72007155,2477055
2020-11-10,Maharashtra,42124679,77505654,4812073
2020-11-11,Delhi,47120332,82953623,14277393
2020-11-12,Karnataka,68112041,45482583,10453947
2020-11-13,Maharashtra,49554403,83408642,3560524
2020-11-14,Delhi,34693065,77128273,12980970
2020-11-15,Karnataka,32709912,75459476,6424155
2020-11-16,Gujarat,40374727,85359055,6510101
2020-11-17,Tamil Nadu,67540678,83094747,1497503
2020-11-18,Karnataka,47555816,69825800,10026892
2020-11-19,Delhi,49083635,77889085,4191038
2020-11-20,Maharashtra,69611265,74827825,13632373
2020-11-21,Maharashtra,64167327,72624994,8117792
2020-11-22,Delhi,35103528,48838016,10032123
2020-11-23,Delhi,37831502,83842898,12375733
2020-11-24,Delhi,53385067,51235987,2013910
2020-11-25,Delhi,58580468,52535067,10978601
2020-11-26,Delhi,54640739,86830098,11629513
2020-11-27,Maharashtra,75279376,69657855,11275673
2020-11-28,Maharashtra,44753017,49129536,10561741
2020-11-29,Maharashtra,64360225,57676165,6483129
2020-11-30,Delhi,52688358,88900061,11884171
2020-12-01,Delhi,74433783,37777959,8179350
2020-12-02,Tamil Nadu,52419916,56992462,8186242
2020-12-03,Tamil Nadu,37811372,41430232,13846584
2020-12-04,Gujarat,45900169,83491503,4378831
2020-12-05,Maharashtra,70218674,40020805,9797000
2020-12-06,Tamil Nadu,65846332,69058974,10805192
2020-12-07,Gujarat,64111541,85537485,12867736
2020-12-08,Gujarat,79315359,82948361,8162015
2020-12-09,Gujarat,55068698,40330591,4752775
2020-12-10,Maharashtra,72892738,68796210,12966098
2020-12-11,Karnataka,40119657,38301805,5175602
2020-12-12,Karnataka,79432245,57668062,6153606
2020-12-13,Tamil Nadu,79669259,55757017,1059801
2020-12-14,Maharashtra,63384830,81523916,9805957
2020-12-15,Gujarat,51246344,58835462,5742798
2020-12-16,Delhi,74822629,70582653,5415292
2020-12-17,Gujarat,68510799,44672459,4864371
2020-12-18,Karnataka,38116045,86964118,8589710
2020-12-19,Gujarat,64821587,67117067,11289767
2020-12-20,Tamil Nadu,78985451,80649551,1976529
2020-12-21,Tamil Nadu,58682281,35529178,14585580
2020-12-22,Karnataka,35161944,82343449,3870192
2020-12-23,Tamil Nadu,56421627,71444943,6238517
2020-12-24,Delhi,79758719,41460347,1837876
2020-12-25,Maharashtra,71601305,68321083,3168696
2020-12-26,Tamil Nadu,43447761,52078259,4482096
2020-12-27,Tamil Nadu,31708840,65633602,11968555
2020-12-28,Delhi,77705662,72357707,2126492
2020-12-29,Maharashtra,37727868,89213525,13349525
2020-12-30,Maharashtra,30534700,66198713,7493314
2020-12-31,Delhi,64953042,83376111,9468859
2021-01-01,Karnataka,36667632,76368847,13737758
2021-01-02,Tamil Nadu,79543019,70135857,11183854
2021-01-03,Gujarat,48967885,50821087,1018304
2021-01-04,Gujarat,70455171,38712392,3205839
2021-01-05,Tamil Nadu,72378768,86206398,7327041
2021-01-06,Delhi,79732166,77530619,1388881
2021-01-07,Karnataka,51523746,45049555,12181157
2021-01-08,Delhi,64018263,53721870,7581602
2021-01-09,Karnataka,54234936,83081663,14719310
2021-01-10,Tamil Nadu,41276923,70576691,11864198
2021-01-11,Tamil Nadu,63059564,75614957,2330054
2021-01-12,Gujarat,66567216,76952903,14963693
2021-01-13,Tamil Nadu,70620291,65107945,4050085
2021-01-14,Maharashtra,30303922,70459448,5044918
2021-01-15,Maharashtra,46054547,36915988,12233175
2021-01-16,Delhi,40570682,72869885,10871792
2021-01-17,Tamil Nadu,47803825,69616499,11238099
2021-01-18,Maharashtra,66512903,52139055,9149574
2021-01-19,Tamil Nadu,59581589,48789097,12994626
2021-01-20,Gujarat,44611680,37588942,5243878
2021-01-21,Delhi,58546017,77372116,14849249
2021-01-22,Tamil Nadu,56186402,75753433,1642410
2021-01-23,Gujarat,52530557,78197289,4429912
2021-01-24,Maharashtra,64286869,48382394,12035809
2021-01-25,Tamil Nadu,49671013,71192007,4082436
2021-01-26,Karnataka,79805460,88056617,2209851
2021-01-27,Tamil Nadu,43425790,37712688,8047534
2021-01-28,Karnataka,47536242,70660727,4408971
2021-01-29,Gujarat,30791243,46753046,5470122
2021-01-30,Tamil Nadu,63648478,73554983,5883911
2021-01-31,Gujarat,74794988,67723244,3835548
2021-02-01,Delhi,66655080,89552947,11659604
2021-02-02,Maharashtra,66204568,42100938,3092260
2021-02-03,Gujarat,51978075,63191755,11327921
2021-02-04,Maharashtra,72931090,63788148,12667486
2021-02-05,Maharashtra,53427673,74045775,13163635
2021-02-06,Gujarat,45034119,49023242,13637321
2021-02-07,Tamil Nadu,46881226,82234990,13454038
2021-02-08,Tamil Nadu,31755766,62357071,12012673
2021-02-09,Tamil Nadu,34574671,53469753,9264682
2021-02-10,Gujarat,53563374,61904705,3818639
2021-02-11,Karnataka,40466320,59304460,10503380
2021-02-12,Tamil Nadu,43630973,88571526,5579341
2021-02-13,Karnataka,46032752,60143313,12486094
2021-02-14,Tamil Nadu,40914767,74089940,3902425
2021-02-15,Delhi,64664613,62981028,14821012
2021-02-16,Tamil Nadu,34823404,69303587,1893168
2021-02-17,Maharashtra,76002336,48567594,11816389
2021-02-18,Gujarat,38226622,38298616,5561697
2021-02-19,Gujarat,60110807,66334565,9334073
2021-02-20,Karnataka,50623938,80018605,14186970
2021-02-21,Gujarat,47198923,60009783,5135174
2021-02-22,Maharashtra,58427834,47758300,7101679
2021-02-23,Karnataka,68861528,64246999,1432619
2021-02-24,Maharashtra,34825297,66857835,14761275
2021-02-25,Gujarat,62388010,46748918,9659922
2021-02-26,Karnataka,66842005,88648083,9325787
2021-02-27,Maharashtra,68121413,46920454,8914777
2021-02-28,Karnataka,70873075,85865355,4013623
2021-03-01,Tamil Nadu,34304136,72528268,2756011
2021-03-02,Tamil Nadu,34251664,36604783,4008362
2021-03-03,Tamil Nadu,70790611,63049978,12517543
2021-03-04,Delhi,70843531,46774249,7463482
2021-03-05,Tamil Nadu,73735153,58516271,13673028
2021-03-06,Karnataka,34133274,56501861,10014070
2021-03-07,Tamil Nadu,73410953,63326096,14293036
2021-03-08,Karnataka,71247908,36077903,6819800
2021-03-09,Maharashtra,62903865,62241257,6411239
2021-03-10,Gujarat,63058207,51828755,4336622
2021-03-11,Tamil Nadu,42907350,79313587,3526062
2021-03-12,Maharashtra,61851287,63212832,11430129
2021-03-13,Tamil Nadu,68779445,54200973,13806583
2021-03-14,Karnataka,64884755,61879971,2511757
2021-03-15,Gujarat,76925621,37670698,5633810
2021-03-16,Karnataka,68085349,76139041,12095280
2021-03-17,Gujarat,36230559,42868502,2039702
2021-03-18,Maharashtra,70504251,81956983,4135768
2021-03-19,Gujarat,69303191,61768736,12963668
2021-03-20,Tamil Nadu,41296026,51807458,10448698
2021-03-21,Gujarat,63808470,77369217,14512294
2021-03-22,Tamil Nadu,48034022,47668374,12354888
2021-03-23,Delhi,79176835,82184692,8914720
2021-03-24,Gujarat,39438875,88079439,7860874
2021-03-25,Karnataka,71780813,81017035,8731728
2021-03-26,Delhi,48080361,48971294,5302733
2021-03-27,Maharashtra,69549011,40387574,13331538
2021-03-28,Maharashtra,50570699,58493523,4234530
2021-03-29,Gujarat,48573638,68807390,1351899
2021-03-30,Tamil Nadu,60067555,79799610,5021641
2021-03-31,Tamil Nadu,45064165,81009866,10934216
2021-04-01,Karnataka,43657368,69004182,3328225
2021-04-02,Gujarat,33257708,66929935,7654777
2021-04-03,Delhi,40110536,58611608,9258174
2021-04-04,Delhi,66493571,83046812,11374081
2021-04-05,Gujarat,60378579,89853990,12338931
2021-04-06,Maharashtra,46312508,87146232,5430952
2021-04-07,Karnataka,37120537,71792294,8350240
2021-04-08,Maharashtra,60338534,36656287,10435447
2021-04-09,Maharashtra,75301864,56216849,2797693
2021-04-10,Karnataka,39450093,40551069,10124476
2021-04-11,Delhi,59071574,47579400,1871675
2021-04-12,Karnataka,45592054,36439305,5700500
2021-04-13,Gujarat,52848695,87193521,13625057
2021-04-14,Karnataka,69989241,71406869,8761725
2021-04-15,Delhi,73868038,73168334,7416157
2021-04-16,Maharashtra,32794816,89570605,3734168
2021-04-17,Tamil Nadu,68646485,72378519,10134676
2021-04-18,Karnataka,55426200,43953695,1760315
2021-04-19,Gujarat,66977571,88437069,12092988
2021-04-20,Gujarat,67994166,85417040,6045754
2021-04-21,Delhi,37882707,72485573,2215992
2021-04-22,Maharashtra,57060752,57687499,13457434
2021-04-23,Tamil Nadu,39524983,65163257,10449031
2021-04-24,Tamil Nadu,47647250,53985583,7327942
2021-04-25,Karnataka,72700674,81969011,5262246
2021-04-26,Gujarat,65942225,73693365,11515098
2021-04-27,Karnataka,32899536,76861777,9923308
2021-04-28,Delhi,41139389,83417443,12897944
2021-04-29,Tamil Nadu,60390455,84826336,9289393
2021-04-30,Delhi,34059400,66046938,1315732
2021-05-01,Gujarat,50554788,74115173,3581447
2021-05-02,Gujarat,53904348,76300700,10234144
2021-05-03,Gujarat,43944091,73488722,2769965
2021-05-04,Gujarat,56478822,49324770,14870571
2021-05-05,Gujarat,50055788,42589606,2638023
2021-05-06,Delhi,42758977,45773273,7541009
2021-05-07,Delhi,38310797,36539371,2844079
2021-05-08,Tamil Nadu,52183046,74687790,7177063
2021-05-09,Maharashtra,51849905,76271465,9415674
2021-05-10,Tamil Nadu,50408379,61857541,4359045
2021-05-11,Tamil Nadu,78106880,59631173,6910083
2021-05-12,Karnataka,77940339,73165225,4495758
2021-05-13,Karnataka,75487821,36757595,13711239
2021-05-14,Tamil Nadu,65128346,47930539,1959574
2021-05-15,Tamil Nadu,59293577,50760178,7658727
2021-05-16,Tamil Nadu,30764140,70714403,3539746
2021-05-17,Gujarat,77368267,59568890,12486043
2021-05-18,Maharashtra,38177965,35257410,5738282
2021-05-19,Maharashtra,37449985,45257432,3846683
2021-05-20,Gujarat,34166757,56861923,7369438
2021-05-21,Delhi,55286698,46888245,7272488
2021-05-22,Delhi,47858795,70760772,4459703
2021-05-23,Gujarat,46460525,54540522,10054098
2021-05-24,Karnataka,51369131,78004231,13734236
2021-05-25,Delhi,50536353,81929320,6027052
2021-05-26,Karnataka,77219983,60552752,3565125
2021-05-27,Delhi,33088823,57111170,12833990
2021-05-28,Gujarat,31940153,37838853,1300653
2021-05-29,Maharashtra,67182131,84743663,13428116
2021-05-30,Maharashtra,70085993,59324480,7058242
2021-05-31,Karnataka,76574260,79271985,10635980
2021-06-01,Tamil Nadu,54106764,37556260,8235827
2021-06-02,Karnataka,47941386,75337516,8791911
2021-06-03,Gujarat,75919717,62197767,2342821
2021-06-04,Gujarat,43094205,72504769,1179118
2021-06-05,Delhi,41196048,81777050,11340844
2021-06-06,Karnataka,69898895,47227787,9929955
2021-06-07,Karnataka,68391329,75982358,7431046
2021-06-08,Tamil Nadu,67583400,43014346,11947825
2021-06-09,Maharashtra,71456095,44489258,9854155
2021-06-10,Tamil Nadu,74535292,65866314,14862490
2021-06-11,Delhi,41187414,56471207,13684911
2021-06-12,Delhi,57413091,80289359,7098555
2021-06-13,Maharashtra,55081248,57975825,5840056
2021-06-14,Maharashtra,58545943,77883255,8042404
2021-06-15,Delhi,73641017,53040683,14709000
2021-06-16,Maharashtra,45394416,38623000,13682266
2021-06-17,Delhi,46290028,59394819,11845212
2021-06-18,Gujarat,69726272,38569737,1147244
2021-06-19,Delhi,38387906,70984087,13893203
2021-06-20,Tamil Nadu,74101688,57873197,9239804
2021-06-21,Delhi,72262033,58756610,5352891
2021-06-22,Tamil Nadu,45514328,48761141,10898597
2021-06-23,Karnataka,66045380,64786116,3826445
2021-06-24,Delhi,32527600,44749755,8872461
2021-06-25,Karnataka,76715169,66285348,4143609
2021-06-26,Delhi,73862963,54040161,10764251
2021-06-27,Gujarat,30638555,83536612,13254321
2021-06-28,Delhi,37546204,71987715,12342396
2021-06-29,Maharashtra,56915971,68780014,11578229
2021-06-30,Delhi,54672740,78273124,5890815
2021-07-01,Tamil Nadu,71361053,75202442,7132541
2021-07-02,Maharashtra,61280454,70826552,10182557
2021-07-03,Gujarat,67838451,72679249,10466981
2021-07-04,Tamil Nadu,52334232,60021094,8179890
2021-07-05,Karnataka,58668443,88020537,3553286
2021-07-06,Karnataka,30773175,87801030,9569575
2021-07-07,Maharashtra,53504684,50530402,12169668
2021-07-08,Gujarat,30789524,49635998,14656133
2021-07-09,Maharashtra,44916754,77281097,5219079
2021-07-10,Gujarat,31839200,79925083,11234190
2021-07-11,Maharashtra,71443137,73169854,5549047
2021-07-12,Delhi,74890135,39422086,6183960
2021-07-13,Tamil Nadu,30879155,66551875,6585829
2021-07-14,Tamil Nadu,40708768,85467378,6102811
2021-07-15,Delhi,52039536,54760588,14678280
2021-07-16,Karnataka,37778545,87840640,1160189
2021-07-17,Karnataka,73421137,43534077,7255348
2021-07-18,Karnataka,73810668,80969304,10224818
2021-07-19,Maharashtra,61249028,47064598,4853340
2021-07-20,Maharashtra,38902216,70076210,11855645
2021-07-21,Gujarat,34522910,82410274,7300992
2021-07-22,Delhi,36838898,75058979,7901208
2021-07-23,Gujarat,42167169,37128475,8390648
2021-07-24,Tamil Nadu,38200136,38736846,3778124
2021-07-25,Gujarat,41937591,76042067,14345352
2021-07-26,Maharashtra,30263368,40478500,9037274
2021-07-27,Tamil Nadu,49914145,55992046,11568444
2021-07-28,Maharashtra,71923273,81800210,2934426
2021-07-29,Tamil Nadu,44053611,60065063,12434428
2021-07-30,Maharashtra,54885963,65070897,11928042
2021-07-31,Gujarat,34651208,66062666,2366710
2021-08-01,Karnataka,37229550,84953438,5299188
2021-08-02,Tamil Nadu,76778213,80146223,6785636
2021-08-03,Gujarat,42526607,47192532,2645635
2021-08-04,Tamil Nadu,69582839,81647036,13810279
2021-08-05,Gujarat,39018609,85299528,12616145
2021-08-06,Gujarat,76103486,76740228,11151745
2021-08-07,Maharashtra,75714212,48188433,9709635
2021-08-08,Maharashtra,32750632,63998836,4937603
2021-08-09,Karnataka,79617993,78046369,13711508
2021-08-10,Maharashtra,54059451,58076662,3294103
2021-08-11,Karnataka,68804532,48856265,5625751
2021-08-12,Delhi,65884246,45136692,13471070
2021-08-13,Tamil Nadu,44452438,47391584,2558913
2021-08-14,Gujarat,64365415,79357338,12183848
2021-08-15,Karnataka,39365828,39619985,11670943
2021-08-16,Delhi,52979630,39766906,10427124
2021-08-17,Delhi,53478617,80875701,12525844
2021-08-18,Maharashtra,47890734,76508901,3271984
2021-08-19,Delhi,57632643,81277970,6327492
2021-08-20,Delhi,68459913,42032112,4038766
2021-08-21,Gujarat,46418982,51978280,10665952
2021-08-22,Maharashtra,53258802,75339550,13675672
2021-08-23,Delhi,40554048,67682424,2405195
2021-08-24,Karnataka,42060962,85349093,7526614
2021-08-25,Delhi,42548244,79659729,11743970
2021-08-26,Gujarat,60521889,44211640,12968356
2021-08-27,Maharashtra,45063166,86956131,11415181
2021-08-28,Maharashtra,32833859,64980447,13964227
2021-08-29,Gujarat,62223892,81010129,9167745
2021-08-30,Delhi,67447504,84487926,12155982
2021-08-31,Maharashtra,40012014,40665201,11705252
2021-09-01,Delhi,79663795,67647808,9130517
2021-09-02,Delhi,56049393,47909594,8990984
2021-09-03,Karnataka,63316870,68846611,9695342
2021-09-04,Gujarat,69129720,39624821,8569839
2021-09-05,Maharashtra,44048993,87064881,2032185
2021-09-06,Gujarat,37332379,39006620,3631222
2021-09-07,Gujarat,72385847,88475365,8334889
2021-09-08,Maharashtra,30208330,89711183,5956246
2021-09-09,Karnataka,32332435,69769852,12464179
2021-09-10,Maharashtra,64390433,58915320,11238210
2021-09-11,Gujarat,38424213,40670989,6888510
2021-09-12,Delhi,66034071,66524930,10055514
2021-09-13,Maharashtra,68351377,81029073,12798202
2021-09-14,Karnataka,49515420,45712072,12323087
2021-09-15,Maharashtra,37944162,49956809,12950956
2021-09-16,Karnataka,41419685,35075789,1674263
2021-09-17,Tamil Nadu,55250782,47304368,10442099
2021-09-18,Karnataka,58755633,45167495,1766741
2021-09-19,Gujarat,54853322,50961492,8858259
2021-09-20,Delhi,60947145,58909062,11461342
2021-09-21,Tamil Nadu,41233437,70882097,5851963
2021-09-22,Tamil Nadu,40297533,84711398,8205902
2021-09-23,Delhi,39696880,78021072,4728071
2021-09-24,Karnataka,44825478,51282056,6825716
2021-09-25,Tamil Nadu,77526495,48993312,2780023
2021-09-26,Karnataka,73124026,63437867,13348317
2021-09-27,Maharashtra,42663392,81951797,2972994
2021-09-28,Maharashtra,48586852,38521775,9673279
2021-09-29,Tamil Nadu,44070084,86844693,10587643
2021-09-30,Gujarat,59153065,41193761,1610790
2021-10-01,Gujarat,73293748,89644472,1416371
2021-10-02,Karnataka,48512517,40274082,9724156
2021-10-03,Delhi,59088703,70293714,2035539
2021-10-04,Gujarat,75193721,88030191,6185149
2021-10-05,Karnataka,64981845,74140930,4925585
2021-10-06,Tamil Nadu,61790988,50971126,4806849
2021-10-07,Karnataka,49895655,74701448,11248500
2021-10-08,Tamil Nadu,72577591,71336230,3700009
2021-10-09,Tamil Nadu,51843327,59879051,1310415
2021-10-10,Maharashtra,51133658,74868516,10211836
2021-10-11,Maharashtra,44021702,84890262,5493780
2021-10-12,Maharashtra,34516700,88773245,5365358
2021-10-13,Karnataka,55274751,66350185,7286630
2021-10-14,Gujarat,36023622,77400390,4861601
2021-10-15,Karnataka,51929643,77756034,11581035
2021-10-16,Karnataka,79659835,80256381,13062910
2021-10-17,Tamil Nadu,76377227,37455509,6702716
2021-10-18,Tamil Nadu,70248164,46917068,4467721
2021-10-19,Gujarat,35238172,67327923,13643334
2021-10-20,Gujarat,49345091,38864637,11475551
2021-10-21,Tamil Nadu,43167095,63078075,2864643
2021-10-22,Tamil Nadu,45431155,48241845,2785639
2021-10-23,Gujarat,43929637,46979185,8252945
2021-10-24,Tamil Nadu,37247962,85220616,14045921
2021-10-25,Karnataka,70565582,84248584,3889640
2021-10-26,Gujarat,65070716,84651283,8870518
2021-10-27,Delhi,71218662,69428104,10268461
2021-10-28,Delhi,71426038,56224498,3035669
2021-10-29,Gujarat,54245072,68848513,9290447
2021-10-30,Tamil Nadu,73834780,47198987,7710895
2021-10-31,Maharashtra,37131362,56497833,1289920
2021-11-01,Karnataka,53133168,49527242,12648799
2021-11-02,Karnataka,70590896,46100847,11968554
2021-11-03,Karnataka,73318327,79452866,14139136
2021-11-04,Maharashtra,71013611,74452607,1619670
2021-11-05,Tamil Nadu,35846378,81130500,13561071
2021-11-06,Karnataka,76307509,61890771,6080484
2021-11-07,Maharashtra,51313817,88286847,9647399
2021-11-08,Delhi,46437192,53380358,14731227
2021-11-09,Maharashtra,65275684,78000020,6385536
2021-11-10,Tamil Nadu,79511077,87132756,8553861
2021-11-11,Delhi,63508037,61251029,8579561
2021-11-12,Delhi,63139596,35779364,10763145
2021-11-13,Maharashtra,30391498,43516941,3507668
2021-11-14,Maharashtra,71547007,63581638,2341868
2021-11-15,Karnataka,34500693,60919969,14527248
2021-11-16,Maharashtra,51239348,59222960,7740555
2021-11-17,Maharashtra,60965459,40349968,6965410
2021-11-18,Gujarat,79636711,69562982,4358707
2021-11-19,Gujarat,59493162,63901097,8434985
2021-11-20,Karnataka,40299146,59928084,13509518
2021-11-21,Tamil Nadu,38490450,57545401,4195186
2021-11-22,Tamil Nadu,73241237,49562503,11209033
2021-11-23,Tamil Nadu,72541198,44330937,2946497
2021-11-24,Maharashtra,76037959,39086062,8367105
2021-11-25,Gujarat,41385397,49361189,14631488
2021-11-26,Tamil Nadu,31928679,74610516,4232299
2021-11-27,Delhi,30565144,72946873,10244166
2021-11-28,Karnataka,44917039,84601155,12320733
2021-11-29,Tamil Nadu,39039754,80196791,14287644
2021-11-30,Tamil Nadu,31475363,71443651,8543637
2021-12-01,Karnataka,39484324,54185283,3802781
2021-12-02,Maharashtra,71108652,41489129,13719770
2021-12-03,Tamil Nadu,61548080,83138197,9710892
2021-12-04,Tamil Nadu,34579950,61604849,14436351
2021-12-05,Karnataka,71553716,86483451,12761960
2021-12-06,Tamil Nadu,70780492,70583866,6710204
2021-12-07,Gujarat,38977400,37333409,1685834
2021-12-08,Gujarat,64564454,49557512,7659497
2021-12-09,Delhi,40230651,58940664,1821777
2021-12-10,Tamil Nadu,59390594,44966439,8092088
2021-12-11,Delhi,53347218,54965098,5728050
2021-12-12,Tamil Nadu,78811334,35163142,4380147
2021-12-13,Delhi,52571725,49549052,6323417
2021-12-14,Tamil Nadu,78137316,53398167,6551041
2021-12-15,Karnataka,54844953,45721247,7252876
2021-12-16,Maharashtra,48989415,85272813,13329648
2021-12-17,Gujarat,39210557,47685512,14636780
2021-12-18,Gujarat,75098276,67546519,12908255
2021-12-19,Maharashtra,60822646,62498246,3649688
2021-12-20,Karnataka,63073295,78766359,7727471
2021-12-21,Maharashtra,48658916,66553544,13998249
2021-12-22,Maharashtra,43542417,82866228,7718894
2021-12-23,Tamil Nadu,47365366,75790691,4562802
2021-12-24,Gujarat,63008138,51125121,1555612
2021-12-25,Karnataka,49698320,63141901,8380130
2021-12-26,Gujarat,76673774,70501408,1753775
2021-12-27,Delhi,31043854,74109189,4228631
2021-12-28,Maharashtra,35105214,50847255,8933757
2021-12-29,Delhi,64860448,56277018,6061538
2021-12-30,Maharashtra,39517264,55598264,8763305
2021-12-31,Karnataka,38614673,60926386,5106979
2022-01-01,Tamil Nadu,32451577,57201119,12447344
2022-01-02,Karnataka,53461502,46667735,2414606
2022-01-03,Maharashtra,73708235,73148063,5724859
2022-01-04,Gujarat,46802848,58401518,10189965
2022-01-05,Gujarat,76682127,37476141,11227068
2022-01-06,Karnataka,53585373,83070369,6377741
2022-01-07,Delhi,61273685,51241679,10164148
2022-01-08,Karnataka,58150030,80561129,13263710
2022-01-09,Maharashtra,76593246,81235865,9091278
2022-01-10,Delhi,59913361,56775529,4703003
2022-01-11,Maharashtra,67072241,59342363,4644852
2022-01-12,Delhi,62633306,54942699,2331299
2022-01-13,Delhi,53374331,86858267,14419709
2022-01-14,Tamil Nadu,31500934,60875647,6910880
2022-01-15,Karnataka,62246474,39241494,2735411
2022-01-16,Karnataka,77365021,51826158,12970799
2022-01-17,Maharashtra,54582545,46967976,8699285
2022-01-18,Karnataka,44329400,54902419,2920771
2022-01-19,Gujarat,54416953,75253372,10883053
2022-01-20,Maharashtra,34756075,44858248,6353864
2022-01-21,Tamil Nadu,58004853,85879830,8754236
2022-01-22,Gujarat,70386929,40531097,11113446
2022-01-23,Tamil Nadu,40825970,80826311,3618446
2022-01-24,Maharashtra,31028148,85902579,9405602
2022-01-25,Tamil Nadu,40030612,46680785,9168623
2022-01-26,Delhi,73195696,61236598,9918600
2022-01-27,Tamil Nadu,33765413,61692703,7604265
2022-01-28,Karnataka,30940397,72731214,12306604
2022-01-29,Tamil Nadu,54949589,75445811,14794106
2022-01-30,Gujarat,51603165,37730653,4877123
2022-01-31,Tamil Nadu,42665520,52900857,7248975
2022-02-01,Maharashtra,37060177,76445986,10253225
2022-02-02,Delhi,51730055,37138722,10432056
2022-02-03,Maharashtra,49328366,43657219,1949210
2022-02-04,Gujarat,32008670,50225840,1790071
2022-02-05,Tamil Nadu,30975587,60001379,11874526
2022-02-06,Karnataka,52296363,50326075,4670511
2022-02-07,Gujarat,56451672,60919167,3170427
2022-02-08,Karnataka,60637510,35597258,8624449
2022-02-09,Delhi,65629800,51786917,13862552
2022-02-10,Karnataka,70640561,83637865,9227688
2022-02-11,Maharashtra,75154636,85755053,5882505
2022-02-12,Maharashtra,75433944,37946164,1773453
2022-02-13,Delhi,47141366,46018623,10748628
2022-02-14,Maharashtra,53229898,35507461,13246091
2022-02-15,Karnataka,55674583,82649248,4604538
2022-02-16,Delhi,62235050,79414674,12362984
2022-02-17,Gujarat,33216700,71220684,12168153
2022-02-18,Gujarat,64241919,88262104,2321108
2022-02-19,Tamil Nadu,50173786,65676913,8687018
2022-02-20,Delhi,58001788,86190496,13932012
2022-02-21,Karnataka,52729545,45606293,7176514
2022-02-22,Tamil Nadu,43086068,55430097,11763850
2022-02-23,Gujarat,52041713,40242082,12514121
2022-02-24,Karnataka,47560864,39089895,6512179
2022-02-25,Tamil Nadu,75298311,61811002,11073665
2022-02-26,Gujarat,43870386,73098820,10591957
2022-02-27,Gujarat,39511072,59274951,10815521
2022-02-28,Gujarat,47497343,68353837,13009744
2022-03-01,Maharashtra,68690259,41371604,11949761
2022-03-02,Maharashtra,42157472,55086233,4604092
2022-03-03,Tamil Nadu,37230023,44907387,8243749
2022-03-04,Karnataka,70081060,66456110,8910902
2022-03-05,Tamil Nadu,78838033,64155489,12988584
2022-03-06,Karnataka,34534848,52271453,1927630
2022-03-07,Delhi,65049682,62907965,5773045
2022-03-08,Tamil Nadu,53179496,38075103,3310770
2022-03-09,Delhi,44972488,66639060,6165234
2022-03-10,Karnataka,35108213,83911324,1637629
2022-03-11,Delhi,30315120,73832218,10980253
2022-03-12,Karnataka,44372273,61232004,7312602
2022-03-13,Gujarat,57416586,88401147,10852085
2022-03-14,Delhi,78261455,37595509,1489561
2022-03-15,Delhi,61142520,76196657,3535714
2022-03-16,Maharashtra,68373958,88754476,11768948
2022-03-17,Tamil Nadu,42053172,48901207,12712113
2022-03-18,Delhi,60528313,42892577,3244261
2022-03-19,Delhi,52895400,36074160,6952905
2022-03-20,Karnataka,35103400,79193538,5892127
2022-03-21,Karnataka,53879464,50263767,11100310
2022-03-22,Karnataka,78245139,52381304,1539863
2022-03-23,Maharashtra,33648443,66903585,8545588
2022-03-24,Tamil Nadu,36253520,63475413,11972495
2022-03-25,Tamil Nadu,76156207,39482641,9904975
2022-03-26,Maharashtra,67380661,54182806,14046704
2022-03-27,Tamil Nadu,52445396,80295253,9194769
2022-03-28,Maharashtra,39744443,72571452,2068052
2022-03-29,Karnataka,60499570,79021490,4840642
2022-03-30,Maharashtra,68912720,68753687,4520373
2022-03-31,Gujarat,64705517,68397114,11312649
2022-04-01,Tamil Nadu,61065518,72612404,12411569
2022-04-02,Karnataka,66710402,74102850,2051136
2022-04-03,Gujarat,77406271,88589816,1585506
2022-04-04,Delhi,67938590,53436819,2659257
2022-04-05,Karnataka,60740840,48561604,8810492
2022-04-06,Gujarat,64916075,42782433,4602245
2022-04-07,Tamil Nadu,54479216,86819848,10369915
2022-04-08,Gujarat,51689712,81792927,10034658
2022-04-09,Maharashtra,33532045,52847661,9160137
2022-04-10,Tamil Nadu,75745439,59236119,2507974
2022-04-11,Karnataka,63374960,78037588,4242159
2022-04-12,Gujarat,63416408,73917612,11508157
2022-04-13,Karnataka,30984536,41549516,9718227
2022-04-14,Tamil Nadu,57251575,59832854,11167414
2022-04-15,Maharashtra,33269193,85825659,12806008
2022-04-16,Maharashtra,48363137,44407122,9152203
2022-04-17,Gujarat,58441440,50965738,4528256
2022-04-18,Maharashtra,39636829,38139090,2227774
2022-04-19,Gujarat,78169861,50842256,1172644
2022-04-20,Maharashtra,78020130,79883871,13550648
2022-04-21,Maharashtra,76354979,75167116,2778496
2022-04-22,Karnataka,35493375,80950022,6918186
2022-04-23,Tamil Nadu,35218776,42994362,6426448
2022-04-24,Tamil Nadu,57850015,46179916,3443863
2022-04-25,Maharashtra,46303326,82185394,2321873
2022-04-26,Gujarat,65636097,56994225,10396353
2022-04-27,Gujarat,32686049,68341072,14710085
2022-04-28,Tamil Nadu,31325986,77152997,4287741
2022-04-29,Karnataka,49024138,45253439,2856418
2022-04-30,Tamil Nadu,67939617,47628748,3769468
2022-05-01,Delhi,41906139,71456168,4690093
2022-05-02,Tamil Nadu,39060713,48850021,12838585
2022-05-03,Tamil Nadu,30689064,70256940,2101766
2022-05-04,Delhi,37484488,58746679,1459170
2022-05-05,Tamil Nadu,30543890,87679104,2912136
2022-05-06,Gujarat,65749493,47344164,1845716
2022-05-07,Maharashtra,58583525,61685114,13664353
2022-05-08,Maharashtra,60010874,66202275,3382735
2022-05-09,Karnataka,61356764,44009107,14056760
2022-05-10,Karnataka,42634645,38184719,8632871
2022-05-11,Delhi,37910393,86807941,12085265
2022-05-12,Tamil Nadu,43697411,50590987,6527690
2022-05-13,Delhi,57550695,53382181,1322774
2022-05-14,Gujarat,66576997,64262823,10202473
2022-05-15,Maharashtra,59283298,55727317,9565954
2022-05-16,Gujarat,42904437,67479131,2418393
2022-05-17,Maharashtra,56497142,75036961,7347381
2022-05-18,Gujarat,36244963,67300109,2987632
2022-05-19,Maharashtra,57955180,89310418,2255300
2022-05-20,Tamil Nadu,47693332,78900508,8820843
2022-05-21,Karnataka,69053385,43155784,4282423
2022-05-22,Delhi,64501221,43542447,13097413
2022-05-23,Gujarat,66752663,80414193,1801237
2022-05-24,Maharashtra,60592725,76984671,9910592
2022-05-25,Maharashtra,33964080,69762453,12041653
2022-05-26,Tamil Nadu,32448620,87819044,6657706
2022-05-27,Delhi,48429129,53535912,5852951
2022-05-28,Tamil Nadu,67983037,46483154,13449360
2022-05-29,Gujarat,42234552,51049066,10625888
2022-05-30,Delhi,64306576,54010210,1754078
2022-05-31,Tamil Nadu,58440055,36857590,10815691
2022-06-01,Delhi,51007458,46348483,12334362
2022-06-02,Tamil Nadu,61153895,87934335,3299431
2022-06-03,Tamil Nadu,50630629,89905056,4765332
2022-06-04,Tamil Nadu,51045626,79113672,6528723
2022-06-05,Tamil Nadu,66974984,74073847,9127471
2022-06-06,Karnataka,45427507,80330320,3409887
2022-06-07,Karnataka,61159175,84805439,3631180
2022-06-08,Delhi,41317454,83800610,5498404
2022-06-09,Karnataka,62741267,46170718,7002666
2022-06-10,Maharashtra,72154531,62611237,11638579
2022-06-11,Tamil Nadu,59899163,40670297,6624258
2022-06-12,Maharashtra,56718582,44068336,3299405
2022-06-13,Gujarat,37890469,51747580,14222766
2022-06-14,Delhi,48081441,79956581,1939289
2022-06-15,Karnataka,60256056,71369210,3622340
2022-06-16,Maharashtra,64183116,56084933,3716220
2022-06-17,Gujarat,73927410,71008533,11996643
2022-06-18,Karnataka,69720228,57052589,10777445
2022-06-19,Gujarat,37126000,80515245,4017225
2022-06-20,Delhi,74321310,79854451,14539000
2022-06-21,Maharashtra,73697823,78573176,1620340
2022-06-22,Gujarat,33240534,43516559,12144853
2022-06-23,Tamil Nadu,79028040,48973251,9315512
2022-06-24,Tamil Nadu,44048810,78973576,8784601
2022-06-25,Gujarat,31586853,55550683,1525922
2022-06-26,Maharashtra,63500854,82574959,2073677
2022-06-27,Gujarat,61992078,35493528,13208489
2022-06-28,Gujarat,48800359,69544737,11581446
2022-06-29,Gujarat,50124681,89295123,13550586
2022-06-30,Tamil Nadu,33338049,56923023,2918889
2022-07-01,Tamil Nadu,63152588,53429720,3596370
2022-07-02,Delhi,68276504,59857803,3821808
2022-07-03,Gujarat,48043880,68605387,2513738
2022-07-04,Gujarat,31617167,59899373,14624436
2022-07-05,Maharashtra,45081786,41426186,7044968
2022-07-06,Delhi,31075988,78407791,10434243
2022-07-07,Tamil Nadu,60486479,70994707,4716885
2022-07-08,Gujarat,45547715,80369821,10252938
2022-07-09,Tamil Nadu,45357563,83213993,10317252
2022-07-10,Karnataka,64354267,52488310,1914558
2022-07-11,Karnataka,69613634,57500623,5873049
2022-07-12,Delhi,42676605,60464646,12684364
2022-07-13,Tamil Nadu,44089974,82505321,12056465
2022-07-14,Maharashtra,61043742,50705527,1544428
2022-07-15,Maharashtra,79682515,83395453,6629878
2022-07-16,Karnataka,68893179,85193261,10115785
2022-07-17,Maharashtra,76642457,81310015,2605556
2022-07-18,Gujarat,69137540,85270539,4620135
2022-07-19,Karnataka,77590607,87680268,13035572
2022-07-20,Maharashtra,64668933,48720463,6863808
2022-07-21,Gujarat,57977493,88591918,7497711
2022-07-22,Karnataka,76481839,83090899,12524089
2022-07-23,Tamil Nadu,40114157,69776043,3844775
2022-07-24,Gujarat,58826721,85214274,2963782
2022-07-25,Delhi,32339838,76926425,8131716
2022-07-26,Tamil Nadu,38385083,62040768,6864442
2022-07-27,Tamil Nadu,71134997,87129019,1094028
2022-07-28,Tamil Nadu,52810142,81328894,7658493
2022-07-29,Tamil Nadu,59008814,42267588,1541537
2022-07-30,Tamil Nadu,55796005,65016476,8627164
2022-07-31,Gujarat,52629554,41238515,9582039
2022-08-01,Gujarat,54597285,87529187,11025286
2022-08-02,Gujarat,74260540,82123344,8593833
2022-08-03,Delhi,55250882,50751259,10088716
2022-08-04,Tamil Nadu,66781707,39863286,14195558
2022-08-05,Tamil Nadu,30130706,58175550,10112661
2022-08-06,Karnataka,77794524,50319654,2566963
2022-08-07,Karnataka,44202451,82880853,1215013
2022-08-08,Maharashtra,57098530,59327000,9216788
2022-08-09,Tamil Nadu,68779988,67938951,1679057
2022-08-10,Karnataka,30296890,76539602,5728225
2022-08-11,Karnataka,45048272,83943879,11551675
2022-08-12,Gujarat,51165809,44647574,13488305
2022-08-13,Maharashtra,54384296,61544140,10273069
2022-08-14,Karnataka,31854054,52681295,13594929
2022-08-15,Karnataka,50910877,74133478,8020130
2022-08-16,Karnataka,71157248,81790799,2092657
2022-08-17,Karnataka,77240719,87993272,12269741
2022-08-18,Maharashtra,68105582,88075233,8749887
2022-08-19,Gujarat,65257230,41926109,8816616
2022-08-20,Karnataka,74977248,43503026,3285119
2022-08-21,Tamil Nadu,56594995,53809122,4828055
2022-08-22,Gujarat,53666963,82991567,8914798
2022-08-23,Delhi,43619323,53217279,8469603
2022-08-24,Tamil Nadu,39037576,52070810,10620952
2022-08-25,Gujarat,41643121,76837641,7544398
2022-08-26,Karnataka,36984587,60638112,5911496
2022-08-27,Karnataka,61194733,42959154,14088887
2022-08-28,Maharashtra,61131309,75742303,9453801
2022-08-29,Karnataka,59142054,69042241,12192662
2022-08-30,Tamil Nadu,67243520,76669947,9605376
2022-08-31,Karnataka,58888919,38986840,4455874
2022-09-01,Gujarat,31779399,64620084,14341710
2022-09-02,Delhi,31722074,74268728,5106249
2022-09-03,Maharashtra,41820194,88364566,1622199
2022-09-04,Maharashtra,78274735,62139273,5378068
2022-09-05,Maharashtra,74150789,83508927,12662639
2022-09-06,Delhi,43768088,67691816,5572343
2022-09-07,Delhi,56043694,64880241,2031537
2022-09-08,Karnataka,49054232,76163688,11215427
2022-09-09,Karnataka,37199615,38348926,7394179
2022-09-10,Gujarat,58717042,61203689,5069338
2022-09-11,Gujarat,30649956,57943743,8699606
2022-09-12,Tamil Nadu,73249734,64808745,5444361
2022-09-13,Delhi,71846889,89260850,8343382
2022-09-14,Delhi,79409859,45856071,4271236
2022-09-15,Tamil Nadu,46721698,54448401,5276138
2022-09-16,Karnataka,55028076,67983945,3872387
2022-09-17,Maharashtra,32261941,55318440,5299477
2022-09-18,Maharashtra,49267117,86736544,7395061
2022-09-19,Gujarat,67932343,86530723,12127529
2022-09-20,Karnataka,50607432,35972028,9709444
2022-09-21,Maharashtra,67057258,75433134,14124173
2022-09-22,Karnataka,44657003,46968620,13279188
2022-09-23,Delhi,69480898,81446898,9022019
2022-09-24,Delhi,66207986,69131177,9554786
2022-09-25,Tamil Nadu,49020418,36090984,11437956
2022-09-26,Maharashtra,59191278,65044914,1428660
2022-09-27,Karnataka,38441117,73733432,4957470
2022-09-28,Maharashtra,70736500,86897239,3351686
2022-09-29,Gujarat,61019556,64312152,7119273
2022-09-30,Karnataka,36289523,61950177,9666854
2022-10-01,Tamil Nadu,62798709,67510678,6192734
2022-10-02,Gujarat,55527056,55510315,13715234
2022-10-03,Gujarat,65160967,39945637,14995964
2022-10-04,Delhi,33302505,87061736,6027880
2022-10-05,Gujarat,57048057,58997456,7985243
2022-10-06,Gujarat,68346331,54878103,6841041
2022-10-07,Maharashtra,35450511,86252456,12802575
2022-10-08,Gujarat,46868822,38561259,1360600
2022-10-09,Karnataka,57134906,59529040,12086723
2022-10-10,Gujarat,72442032,73829968,1816696
2022-10-11,Gujarat,60190706,57359588,9969808
2022-10-12,Tamil Nadu,46570972,40931663,10872708
2022-10-13,Delhi,77129105,63097252,4047343
2022-10-14,Gujarat,72997464,50221856,10198170
2022-10-15,Gujarat,32030708,89371913,13022552
2022-10-16,Maharashtra,44712563,64336395,5827060
2022-10-17,Tamil Nadu,52606911,72226635,6497218
2022-10-18,Delhi,45746652,78682814,7296195
2022-10-19,Tamil Nadu,79700765,54227174,3148890
2022-10-20,Delhi,63972150,66175023,12959844
2022-10-21,Tamil Nadu,62954571,82413357,6145867
2022-10-22,Tamil Nadu,35275422,76002747,14633443
2022-10-23,Gujarat,41193450,42347084,10818240
2022-10-24,Delhi,44096841,38065280,9476234
2022-10-25,Delhi,79636987,84734471,3379389
2022-10-26,Maharashtra,46346495,40122644,13320534
2022-10-27,Maharashtra,68667156,40654624,6022444
2022-10-28,Maharashtra,43114621,45250274,7942841
2022-10-29,Gujarat,38311687,57756741,4729577
2022-10-30,Delhi,31653029,45328679,3704394
2022-10-31,Delhi,47626892,50852388,2246601
2022-11-01,Maharashtra,72857568,60684300,11795681
2022-11-02,Karnataka,52565319,75164825,10221538
2022-11-03,Delhi,77226768,44544781,9626886
2022-11-04,Gujarat,78596252,89710919,13173056
2022-11-05,Maharashtra,70813806,40564161,9087647
2022-11-06,Gujarat,74621240,44284264,3804579
2022-11-07,Tamil Nadu,36519478,35664167,3974237
2022-11-08,Karnataka,41302091,38569219,8855380
2022-11-09,Tamil Nadu,78681134,78165370,1514945
2022-11-10,Karnataka,51260830,44331070,7880022
2022-11-11,Maharashtra,79398903,57278817,4415594
2022-11-12,Karnataka,62443997,69940749,14262327
2022-11-13,Gujarat,70526767,35822709,12263817
2022-11-14,Maharashtra,33691059,70224100,13401120
2022-11-15,Delhi,76055891,65194907,2265428
2022-11-16,Karnataka,47431917,37202050,14631326
2022-11-17,Tamil Nadu,31813155,67118803,10851853
2022-11-18,Karnataka,79729959,52871165,4910341
2022-11-19,Gujarat,61559448,36461825,11356276
2022-11-20,Maharashtra,57399674,85039415,10085875
2022-11-21,Karnataka,54631442,52874733,9703881
2022-11-22,Maharashtra,46798328,66040248,14250772
2022-11-23,Gujarat,78322281,38091304,9303419
2022-11-24,Karnataka,40785078,57394078,14855251
2022-11-25,Karnataka,40309498,75513561,1973821
2022-11-26,Gujarat,41559170,80659871,3030162
2022-11-27,Tamil Nadu,46111749,64946653,13293892
2022-11-28,Delhi,71694324,58665360,5283909
2022-11-29,Delhi,37796172,78927247,12922433
2022-11-30,Delhi,79851603,53633534,9857115
2022-12-01,Maharashtra,54337655,53909633,11029507
2022-12-02,Karnataka,77809306,69827185,1661877
2022-12-03,Gujarat,54517414,67149948,5623443
2022-12-04,Maharashtra,65861075,71079048,8377154
2022-12-05,Gujarat,79488954,73585716,2408092
2022-12-06,Gujarat,32733033,84136664,5769894
2022-12-07,Gujarat,72935110,39188941,10037892
2022-12-08,Karnataka,34288501,50859654,8661174
2022-12-09,Tamil Nadu,59340410,80753784,1637187
2022-12-10,Gujarat,40377315,81399942,6102681
2022-12-11,Delhi,74606123,60363024,5037145
2022-12-12,Maharashtra,77656011,85451052,14411171
2022-12-13,Maharashtra,45677401,77310079,1907489
2022-12-14,Karnataka,58059177,56769655,2140671
2022-12-15,Maharashtra,62439319,84312438,6540819
2022-12-16,Gujarat,36295979,65457323,5494756
2022-12-17,Maharashtra,72557771,53048328,10585127
2022-12-18,Tamil Nadu,55629823,52286438,7193033
2022-12-19,Gujarat,50891134,72684947,5647358
2022-12-20,Tamil Nadu,57499364,81480667,14038760
2022-12-21,Tamil Nadu,31266176,54260532,1061637
2022-12-22,Karnataka,44107243,84183719,10820804
2022-12-23,Delhi,58718224,83728370,6200348
2022-12-24,Tamil Nadu,55363746,66034068,4318075
2022-12-25,Tamil Nadu,71408720,66030710,5858073
2022-12-26,Tamil Nadu,30614051,50230439,6111113
2022-12-27,Gujarat,76066748,41356182,12161162
2022-12-28,Gujarat,39370740,79693529,9102832
2022-12-29,Karnataka,36552491,73576231,14749959
2022-12-30,Gujarat,32338233,64398834,6736181
2022-12-31,Delhi,50198763,49038647,4886447
2023-01-01,Karnataka,49706285,67452729,10745643
2023-01-02,Gujarat,55674694,82942394,3503385
2023-01-03,Delhi,32851669,87822995,5118096
2023-01-04,Gujarat,73650227,70521638,6298471
2023-01-05,Maharashtra,52594673,82147840,7238958
2023-01-06,Maharashtra,40921150,42377199,13067272
2023-01-07,Tamil Nadu,62609420,74684253,9750344
2023-01-08,Tamil Nadu,58617497,82239122,9485313
2023-01-09,Delhi,60966292,35482377,8050574
2023-01-10,Tamil Nadu,47075149,72964514,5352166
2023-01-11,Delhi,70316596,56776410,11453905
2023-01-12,Delhi,42897848,35397823,6407098
2023-01-13,Karnataka,35798668,74306629,6603748
2023-01-14,Delhi,77565452,58501698,11839284
2023-01-15,Delhi,60496423,39226998,9519105
2023-01-16,Gujarat,56097653,60812360,13182943
2023-01-17,Tamil Nadu,76966625,42915068,10964074
2023-01-18,Delhi,71366070,59173618,1851649
2023-01-19,Gujarat,31548850,81216056,11493347
2023-01-20,Gujarat,41262228,44337083,8225015
2023-01-21,Tamil Nadu,55899969,65554844,1545020
2023-01-22,Gujarat,73326408,83366012,6348579
2023-01-23,Tamil Nadu,61861848,86672571,7353570
2023-01-24,Delhi,75451706,39402105,5098307
2023-01-25,Tamil Nadu,30223311,60214203,4214044
2023-01-26,Karnataka,56529583,89962892,3653459
2023-01-27,Maharashtra,67768315,81516742,12952917
2023-01-28,Delhi,79658646,82817223,11024691
2023-01-29,Gujarat,46316981,39677638,11026833
2023-01-30,Delhi,70901976,54874795,2886749
2023-01-31,Karnataka,61561616,53830618,3794851
2023-02-01,Delhi,34954040,50406823,12289445
2023-02-02,Tamil Nadu,43720635,77500785,9903572
2023-02-03,Karnataka,58660203,86333930,13203737
2023-02-04,Karnataka,56926539,67549032,14496450
2023-02-05,Karnataka,60225925,87922937,10600028
2023-02-06,Gujarat,33208737,84400560,14871205
2023-02-07,Gujarat,43878727,85037059,14623025
2023-02-08,Maharashtra,45268722,88251448,6404974
2023-02-09,Tamil Nadu,61741805,63172459,9081931
2023-02-10,Gujarat,30905876,66555249,3456896
2023-02-11,Karnataka,39824346,41300140,3824979
2023-02-12,Delhi,44268350,89133468,7526488
2023-02-13,Karnataka,55142192,81648259,2306740
2023-02-14,Delhi,48333389,47830711,3632027
2023-02-15,Karnataka,47047301,54876893,6261031
2023-02-16,Gujarat,66070714,57424096,7610982
2023-02-17,Delhi,77025107,37652910,7721107
2023-02-18,Delhi,50008879,47749079,14193200
2023-02-19,Tamil Nadu,34062232,55169076,5537410
2023-02-20,Delhi,55728803,41055609,7991498
2023-02-21,Karnataka,32696785,84555647,10212994
2023-02-22,Delhi,38754551,82603552,4379206
2023-02-23,Gujarat,40266940,75714853,5385502
2023-02-24,Gujarat,52564265,61035531,13170117
2023-02-25,Karnataka,66773928,85306864,5886586
2023-02-26,Karnataka,79654570,55505965,13374401
2023-02-27,Karnataka,36925568,53430539,7526370
2023-02-28,Delhi,68271810,39534313,3041752
2023-03-01,Maharashtra,52832906,58814449,3256657
2023-03-02,Gujarat,57633247,44263888,5620501
2023-03-03,Gujarat,68753012,64814738,13051010
2023-03-04,Gujarat,44958235,42451937,5692234
2023-03-05,Tamil Nadu,66253262,48346443,6876344
2023-03-06,Delhi,54683838,49398182,2712563
2023-03-07,Karnataka,74953265,73112809,10935366
2023-03-08,Delhi,69265986,43045279,10574800
2023-03-09,Maharashtra,58570934,45764051,6223255
2023-03-10,Gujarat,61187525,82869245,13109169
2023-03-11,Gujarat,33868406,64054806,9151151
2023-03-12,Gujarat,30488294,70606943,2019083
2023-03-13,Maharashtra,68605291,44084157,7773860
2023-03-14,Maharashtra,39980571,53525751,3573208
2023-03-15,Delhi,45535044,79883247,2161404
2023-03-16,Maharashtra,76953250,77978336,2300523
2023-03-17,Delhi,78366504,58451202,3278464
2023-03-18,Karnataka,41321734,53999520,5599489
2023-03-19,Karnataka,31496295,52150655,7186669
2023-03-20,Delhi,34875797,85927085,6800768
2023-03-21,Delhi,79684516,66842645,9583088
2023-03-22,Gujarat,43059804,61123420,4763385
2023-03-23,Gujarat,30087942,45064564,2708268
2023-03-24,Gujarat,35390526,45433262,9771487
2023-03-25,Maharashtra,73515488,85016401,14644378
2023-03-26,Gujarat,74841796,87553608,4881505
2023-03-27,Tamil Nadu,52953198,47521670,11258041
2023-03-28,Maharashtra,37972138,39739846,1516457
2023-03-29,Tamil Nadu,79543565,78704354,8839881
2023-03-30,Karnataka,72220479,50300837,3551591
2023-03-31,Gujarat,63480072,44697715,6979728
2023-04-01,Maharashtra,61449017,71751748,6681896
2023-04-02,Gujarat,58420411,76877300,9420632
2023-04-03,Tamil Nadu,74144791,74118290,12376225
2023-04-04,Karnataka,46886127,73860007,12786787
2023-04-05,Maharashtra,55342335,46585342,1920448
2023-04-06,Karnataka,74288102,49551604,7688024
2023-04-07,Tamil Nadu,65025710,50603965,14130078
2023-04-08,Tamil Nadu,79708650,73333793,3742137
2023-04-09,Karnataka,71715093,88111078,10573238
2023-04-10,Delhi,62840287,52707331,8023313
2023-04-11,Tamil Nadu,66209078,36679871,5720580
2023-04-12,Karnataka,31967784,37084383,1415161
2023-04-13,Karnataka,30449212,74074159,1887610
2023-04-14,Maharashtra,70880716,62665437,12417516
2023-04-15,Maharashtra,33542038,77831115,4894456
2023-04-16,Maharashtra,33115600,51178498,2008909
2023-04-17,Gujarat,68161484,36315815,5558405
2023-04-18,Tamil Nadu,42778295,82937297,12671767
2023-04-19,Karnataka,64179009,79537300,2005623
2023-04-20,Delhi,78971418,42316389,13232472
2023-04-21,Gujarat,30666368,73444898,2675579
2023-04-22,Tamil Nadu,44571896,72568008,9159513
2023-04-23,Maharashtra,63157802,50784787,14009703
2023-04-24,Maharashtra,45792244,56854849,6306820
2023-04-25,Delhi,58925816,61288974,3879647
2023-04-26,Maharashtra,53557164,85146538,2309731
2023-04-27,Maharashtra,60637652,41398001,11834310
2023-04-28,Delhi,59860235,62741791,4240324
2023-04-29,Maharashtra,57437700,50034900,9044008
2023-04-30,Maharashtra,65330951,48080688,9417530
2023-05-01,Karnataka,73188173,64434141,7239653
2023-05-02,Delhi,46261753,46316340,7344539
2023-05-03,Tamil Nadu,46752422,78765712,9776993
2023-05-04,Tamil Nadu,53546235,44921439,13765203
2023-05-05,Gujarat,51279057,52997047,8529553
2023-05-06,Maharashtra,40243327,43228244,13937578
2023-05-07,Gujarat,40973384,55169311,4320041
2023-05-08,Maharashtra,34018324,85658981,12584731
2023-05-09,Gujarat,70261653,54024875,1270623
2023-05-10,Karnataka,35344228,68768784,3148884
2023-05-11,Delhi,77016012,70388570,8873605
2023-05-12,Delhi,60847040,83948415,12224230
2023-05-13,Tamil Nadu,34910528,58608106,10053162
2023-05-14,Maharashtra,33893726,52409082,2489132
2023-05-15,Delhi,72799853,45445411,5145512
2023-05-16,Maharashtra,71814715,38568548,7601976
2023-05-17,Karnataka,64211998,72384543,6554500
2023-05-18,Delhi,59898069,37567037,8791519
2023-05-19,Karnataka,50067130,72886833,7361176
2023-05-20,Tamil Nadu,46701553,85221839,12891812
2023-05-21,Gujarat,64849418,64702222,2909538
2023-05-22,Karnataka,42754257,55155842,12735747
2023-05-23,Maharashtra,58861039,74184962,3405082
2023-05-24,Maharashtra,60575474,46451567,10903157
2023-05-25,Delhi,72298324,82271151,1082273
2023-05-26,Gujarat,38953368,75646705,6591319
2023-05-27,Delhi,46890427,86643525,7281040
2023-05-28,Maharashtra,77869132,76151063,1937820
2023-05-29,Tamil Nadu,77685627,77580589,13949484
2023-05-30,Maharashtra,49054644,72395804,7598928
2023-05-31,Delhi,59543575,41234011,8225891
2023-06-01,Karnataka,41487664,89034820,9363984
2023-06-02,Delhi,64025665,45942571,8976205
2023-06-03,Maharashtra,53897252,69435493,12067940
2023-06-04,Delhi,42200087,57274681,10980868
2023-06-05,Tamil Nadu,53852686,70447036,5597626
2023-06-06,Gujarat,62319312,74673063,4470348
2023-06-07,Karnataka,39419742,42835116,6399030
2023-06-08,Gujarat,60533862,55415285,8755231
2023-06-09,Gujarat,51232097,59884160,7265878
2023-06-10,Karnataka,67592617,62347100,8189555
2023-06-11,Delhi,78795386,82807932,9271354
2023-06-12,Delhi,36589415,39803483,5782113
2023-06-13,Delhi,36134783,84868639,7166172
2023-06-14,Delhi,60739962,62938989,10120463
2023-06-15,Gujarat,38806321,78014068,1371616
2023-06-16,Tamil Nadu,77559431,81828828,11993838
2023-06-17,Delhi,34551448,53243576,6054728
2023-06-18,Maharashtra,31084825,42503357,9244179
2023-06-19,Tamil Nadu,55201927,77168158,14183402
2023-06-20,Delhi,79324664,59960923,5560478
2023-06-21,Tamil Nadu,43610151,88599530,1596710
2023-06-22,Tamil Nadu,59635132,40112265,3036649
2023-06-23,Delhi,50730247,89947239,1271956
2023-06-24,Delhi,56568818,50656023,7461695
2023-06-25,Maharashtra,35863926,49440521,8602751
2023-06-26,Gujarat,31737051,46349055,2904901
2023-06-27,Maharashtra,66758800,46838229,11075443
2023-06-28,Tamil Nadu,64794506,45942147,6462975
2023-06-29,Karnataka,60832746,88867421,1914414
2023-06-30,Gujarat,30712673,68667266,13523932
2023-07-01,Delhi,32264040,85248902,13461659
2023-07-02,Karnataka,45283936,67744817,7179489
2023-07-03,Delhi,58152677,36555561,6280581
2023-07-04,Tamil Nadu,48167576,89510786,14794616
2023-07-05,Delhi,43234444,72553084,4890927
2023-07-06,Maharashtra,49590262,83823239,4237689
2023-07-07,Gujarat,32110159,64244192,10903315
2023-07-08,Maharashtra,48875663,57218990,2952801
2023-07-09,Gujarat,63573050,74860492,6713458
2023-07-10,Gujarat,66012780,85057963,13222418
2023-07-11,Delhi,42170690,76276685,10953591
2023-07-12,Gujarat,68014816,76137422,5791606
2023-07-13,Tamil Nadu,36143005,46264249,8271594
2023-07-14,Tamil Nadu,69006377,44252975,2190147
2023-07-15,Tamil Nadu,36644888,71344340,14068525
2023-07-16,Maharashtra,71946671,62392203,8515223
2023-07-17,Delhi,55357426,52212305,14738364
2023-07-18,Gujarat,48274425,55121842,7440822
2023-07-19,Gujarat,37974612,42684887,10561104
2023-07-20,Gujarat,60283282,85256719,1705450
2023-07-21,Tamil Nadu,35068510,84569784,5483862
2023-07-22,Karnataka,54586679,41393723,10848929
2023-07-23,Karnataka,62054108,64274462,10870790
2023-07-24,Tamil Nadu,53514671,51365761,9803987
2023-07-25,Karnataka,52867297,78629936,4486402
2023-07-26,Tamil Nadu,66669077,52633486,7219029
2023-07-27,Gujarat,58716370,45008865,10117140
2023-07-28,Tamil Nadu,49276485,72610982,5487157
2023-07-29,Karnataka,36593877,57962225,4013699
2023-07-30,Karnataka,44854236,65287284,11724061
2023-07-31,Delhi,68855671,87115465,4854087
2023-08-01,Karnataka,78086426,54886800,14726096
2023-08-02,Gujarat,36661345,72861892,9932771
2023-08-03,Delhi,59250368,49518821,5115886
2023-08-04,Maharashtra,69265732,79686301,6458779
2023-08-05,Delhi,79334360,71430247,11485252
2023-08-06,Delhi,50713843,42919853,7181678
2023-08-07,Tamil Nadu,40778209,50395263,11705894
2023-08-08,Delhi,38349816,75221986,11011934
2023-08-09,Gujarat,68964150,44843227,4872349
2023-08-10,Delhi,71622534,41241202,14869519
2023-08-11,Delhi,30112401,65438542,12747026
2023-08-12,Tamil Nadu,60680001,87887649,5468527
2023-08-13,Gujarat,30680433,88886159,1754636
2023-08-14,Tamil Nadu,66486525,72450712,13060803
2023-08-15,Delhi,63476344,74279494,3598511
2023-08-16,Maharashtra,67760114,47729826,6133723
2023-08-17,Delhi,74978600,42333660,4829518
2023-08-18,Karnataka,46676093,74961927,9345819
2023-08-19,Tamil Nadu,79355290,70854867,2321015
2023-08-20,Karnataka,63923171,54019952,9287966
2023-08-21,Tamil Nadu,41881309,74014944,8506253
2023-08-22,Karnataka,76859376,80866777,14210246
2023-08-23,Maharashtra,55652064,52183411,14655716
2023-08-24,Maharashtra,44107337,55914225,12863682
2023-08-25,Karnataka,63462738,87748605,3181617
2023-08-26,Tamil Nadu,63998123,59643084,11126550
2023-08-27,Tamil Nadu,71024669,60900077,3720785
2023-08-28,Delhi,63628931,60427024,5015855
2023-08-29,Tamil Nadu,79528843,46906783,3970656
2023-08-30,Tamil Nadu,48939828,52981285,8463165
2023-08-31,Karnataka,70276671,48719168,6535504
2023-09-01,Delhi,48161132,40118846,5884104
2023-09-02,Tamil Nadu,61122352,52311823,5435053
2023-09-03,Delhi,39623265,85998746,1083075
2023-09-04,Karnataka,75320618,54018290,7700842
2023-09-05,Gujarat,39571130,54683599,3588938
2023-09-06,Delhi,70962832,35021444,7329835
2023-09-07,Gujarat,41062354,52638268,13856604
2023-09-08,Tamil Nadu,56578714,41849013,2921490
2023-09-09,Tamil Nadu,38570111,72601647,10633256
2023-09-10,Gujarat,46733816,51337081,1742767
2023-09-11,Gujarat,77589737,70029228,10658833
2023-09-12,Maharashtra,78327380,35406806,7862020
2023-09-13,Karnataka,60184917,57334056,10629654
2023-09-14,Maharashtra,72099112,80729346,7958470
2023-09-15,Karnataka,57327666,60000926,13547644
2023-09-16,Delhi,37519395,37429754,7191623
2023-09-17,Karnataka,76041406,37431412,1935035
2023-09-18,Maharashtra,51760834,64538689,14182882
2023-09-19,Delhi,49769448,76563966,2299579
2023-09-20,Delhi,47525087,67864483,1695624
2023-09-21,Karnataka,43705474,80617378,13995320
2023-09-22,Maharashtra,36984469,61477842,11115308
2023-09-23,Delhi,54586661,59440965,4646209
2023-09-24,Maharashtra,42322874,36199865,5205534
2023-09-25,Karnataka,32356232,36472353,1563728
2023-09-26,Delhi,42679742,63573109,3168488
2023-09-27,Gujarat,52020658,48894989,3315152
2023-09-28,Karnataka,37489786,75941523,11188501
2023-09-29,Gujarat,45177308,50266662,12415804
2023-09-30,Tamil Nadu,60721609,77336347,10532164
2023-10-01,Tamil Nadu,33765451,84250496,9669273
2023-10-02,Tamil Nadu,55786361,62618382,6859052
2023-10-03,Tamil Nadu,38199740,62571948,13203102
2023-10-04,Karnataka,57192670,76074164,14091812
2023-10-05,Karnataka,40319052,70038018,4375561
2023-10-06,Maharashtra,71607899,73017226,3342354
2023-10-07,Gujarat,62270459,66698754,10968888
2023-10-08,Karnataka,76201834,83855826,2380379
2023-10-09,Gujarat,77551836,42873107,13318274
2023-10-10,Maharashtra,68139120,53706781,12039062
2023-10-11,Delhi,36839207,65965617,12991934
2023-10-12,Delhi,42732700,53942894,12099216
2023-10-13,Karnataka,74288968,78784028,6353095
2023-10-14,Tamil Nadu,55488183,60224404,11263371
2023-10-15,Gujarat,68580808,56935259,8862894
2023-10-16,Maharashtra,36626017,56977597,6937784
2023-10-17,Karnataka,62365823,69875576,8684015
2023-10-18,Delhi,35442737,58349159,10380967
2023-10-19,Delhi,57835476,42939635,2758428
2023-10-20,Karnataka,57637853,67356023,13167092
2023-10-21,Gujarat,75473156,84143249,4105732
2023-10-22,Gujarat,72874555,58713231,6711844
2023-10-23,Maharashtra,32529154,57023708,1288068
2023-10-24,Karnataka,75188558,66436993,11581873
2023-10-25,Delhi,45188451,53088700,14241005
2023-10-26,Maharashtra,34563268,83566174,9965621
2023-10-27,Tamil Nadu,33930715,53874657,8860141
2023-10-28,Karnataka,36988553,40805647,11187428
2023-10-29,Karnataka,64099574,80329822,9797660
2023-10-30,Karnataka,53998945,55744243,5630668
2023-10-31,Maharashtra,74978954,43432970,14840647
2023-11-01,Maharashtra,40695884,89603200,5051235
2023-11-02,Tamil Nadu,73142493,64667591,4984097
2023-11-03,Maharashtra,58604699,53233074,7568543
2023-11-04,Maharashtra,78974780,62960767,4614251
2023-11-05,Karnataka,45768178,58588374,13553582
2023-11-06,Tamil Nadu,44625509,74850423,11434035
2023-11-07,Tamil Nadu,44441555,35824538,14009061
2023-11-08,Tamil Nadu,31007448,85975332,14302958
2023-11-09,Gujarat,37503524,74409968,10588254
2023-11-10,Tamil Nadu,60342640,75672277,1512592
2023-11-11,Delhi,43654054,89592414,10696397
2023-11-12,Tamil Nadu,66330360,38374766,11973455
2023-11-13,Karnataka,51338596,73336160,4036669
2023-11-14,Gujarat,32026343,35965784,9193820
2023-11-15,Karnataka,78273268,87517391,12408840
2023-11-16,Maharashtra,33695487,41383430,6033364
2023-11-17,Delhi,52890224,67881362,4478572
2023-11-18,Delhi,74231467,48451245,12397878
2023-11-19,Tamil Nadu,65381896,70042351,5516719
2023-11-20,Karnataka,35353258,58488881,3762132
2023-11-21,Maharashtra,67166896,56330407,10996494
2023-11-22,Karnataka,54483438,81378551,10537211
2023-11-23,Delhi,43019209,56403410,10705507
2023-11-24,Gujarat,71902908,77578162,4264510
2023-11-25,Maharashtra,54178514,82302073,12681926
2023-11-26,Tamil Nadu,61933962,73892962,12454828
2023-11-27,Tamil Nadu,64620165,43189333,1190197
2023-11-28,Karnataka,32607952,74106730,11587401
2023-11-29,Karnataka,32035518,70798859,1514282
2023-11-30,Gujarat,48914665,81409668,11309648
2023-12-01,Maharashtra,38764536,88507757,8199676
2023-12-02,Maharashtra,37962643,80804108,10155830
2023-12-03,Tamil Nadu,66033478,75306374,9974194
2023-12-04,Delhi,36161822,86038835,5290241
2023-12-05,Maharashtra,54753285,50085715,14423226
2023-12-06,Karnataka,60525076,67979406,11631933
2023-12-07,Gujarat,65228348,79734569,3789061
2023-12-08,Tamil Nadu,46821150,81679193,11485426
2023-12-09,Karnataka,38469367,51135382,4722643
2023-12-10,Maharashtra,66106592,56872389,7940489
2023-12-11,Maharashtra,65029915,86339316,13314624
2023-12-12,Gujarat,63226609,51977293,9556462
2023-12-13,Tamil Nadu,40959424,35211336,2677580
2023-12-14,Delhi,71188137,53583147,9347998
2023-12-15,Tamil Nadu,60604624,81445172,2770459
2023-12-16,Gujarat,38782153,46957067,2180692
2023-12-17,Gujarat,77273512,57956949,6876065
2023-12-18,Karnataka,79046422,49321108,12392211
2023-12-19,Delhi,68850528,59235793,9955681
2023-12-20,Delhi,62300108,59929955,11287115
2023-12-21,Maharashtra,61139427,80046997,9166905
2023-12-22,Gujarat,40036069,85133208,8874347
2023-12-23,Maharashtra,53409367,66989341,14111948
2023-12-24,Gujarat,79694331,64701789,3162997
2023-12-25,Gujarat,48433332,63933053,3475847
2023-12-26,Maharashtra,79706015,71646262,8908619
2023-12-27,Maharashtra,38973460,70232631,12586970
2023-12-28,Delhi,63488238,71616297,2248870
2023-12-29,Karnataka,71558696,65816244,3734949
2023-12-30,Tamil Nadu,73631682,41199416,12847546
2023-12-31,Tamil Nadu,65494038,47165378,9243516
2024-01-01,Gujarat,65201952,41666256,10827640
2024-01-02,Maharashtra,69894919,60127411,3058779
2024-01-03,Tamil Nadu,31131418,54793105,11970914
2024-01-04,Maharashtra,67093170,36869590,13025005
2024-01-05,Gujarat,69054530,66764172,14654271
2024-01-06,Tamil Nadu,65278443,82337912,1756127
2024-01-07,Karnataka,51956090,40018274,8121672
2024-01-08,Karnataka,79715449,76403113,4871836
2024-01-09,Tamil Nadu,61672298,85595388,11860087
2024-01-10,Gujarat,37056202,63504698,10459634
2024-01-11,Karnataka,50377684,75417027,6041230
2024-01-12,Delhi,44717234,50050415,14081403
2024-01-13,Maharashtra,39359668,59308514,9287700
2024-01-14,Maharashtra,75898309,84062430,12466391
2024-01-15,Gujarat,76668974,39541422,5035530
2024-01-16,Tamil Nadu,32536062,38397521,4906158
2024-01-17,Delhi,30030846,49815337,14152740
2024-01-18,Delhi,46520079,67301798,2061191
2024-01-19,Delhi,65164146,63293936,3115492
2024-01-20,Delhi,56626392,52391381,10359652
2024-01-21,Delhi,36872811,52139093,1941395
2024-01-22,Maharashtra,35408377,38367974,1947639
2024-01-23,Karnataka,41959857,63282788,9333949
2024-01-24,Karnataka,73780973,83866293,5811354
2024-01-25,Delhi,63365440,37968896,6175803
2024-01-26,Gujarat,74745193,50073878,10127154
2024-01-27,Karnataka,72273643,51099642,2809986
2024-01-28,Gujarat,74723533,73420722,12438711
2024-01-29,Delhi,49490718,64537039,5235917
2024-01-30,Maharashtra,32165532,47645350,2705009
2024-01-31,Karnataka,66630042,53996101,4841809
2024-02-01,Maharashtra,54586662,49471388,11311743
2024-02-02,Maharashtra,56118523,59239343,7642214
2024-02-03,Gujarat,65018586,69229953,7104120
2024-02-04,Gujarat,62146667,86982829,2271953
2024-02-05,Gujarat,68336240,43629409,14728245
2024-02-06,Karnataka,35260239,40413734,9422041
2024-02-07,Maharashtra,62437536,69421350,14374397
2024-02-08,Maharashtra,49749126,52537028,3539699
2024-02-09,Maharashtra,66297308,72980236,1674544
2024-02-10,Delhi,64355653,74135993,10420380
2024-02-11,Delhi,52610890,87503110,8845272
2024-02-12,Delhi,58809607,51958741,10523117
2024-02-13,Delhi,41486588,60255093,9111067
2024-02-14,Delhi,39223811,89842755,12673317
2024-02-15,Delhi,40180084,49441103,12140836
2024-02-16,Delhi,33187886,56103878,7730583
2024-02-17,Karnataka,38334746,74875856,13340304
2024-02-18,Karnataka,67860096,45672655,1093552
2024-02-19,Delhi,43733938,52476873,13185289
2024-02-20,Karnataka,74536416,73423655,7383889
2024-02-21,Gujarat,62504360,43678636,2646298
2024-02-22,Karnataka,49165140,45437916,3902558
2024-02-23,Karnataka,74645521,48377686,3935673
2024-02-24,Karnataka,48620730,49333160,14986160
2024-02-25,Karnataka,58941559,39539711,3122642
2024-02-26,Tamil Nadu,32256695,69197987,13526505
2024-02-27,Maharashtra,47663856,51616748,2338139
2024-02-28,Delhi,38074157,41008065,7713041
2024-02-29,Delhi,48894767,56860257,13579162
2024-03-01,Tamil Nadu,77830383,63637879,4372291
2024-03-02,Delhi,39134211,64264030,2254040
2024-03-03,Maharashtra,74933595,36957249,13902451
2024-03-04,Karnataka,78181375,43660128,14226653
2024-03-05,Delhi,49934824,81639324,12517434
2024-03-06,Karnataka,77644167,60151725,14467287
2024-03-07,Delhi,35592600,53727399,1814379
2024-03-08,Delhi,78853510,51019758,8997563
2024-03-09,Maharashtra,59816033,81623028,3567648
2024-03-10,Karnataka,79521217,57269793,8183799
2024-03-11,Gujarat,62499130,84881580,13396656
2024-03-12,Karnataka,31555253,35986056,9030416
2024-03-13,Tamil Nadu,70841016,73633954,2047501
2024-03-14,Karnataka,56741776,83292585,12720702
2024-03-15,Maharashtra,45435724,44438407,8857767
2024-03-16,Karnataka,59119261,58819262,2892597
2024-03-17,Gujarat,35166707,87395049,5828696
2024-03-18,Karnataka,43903603,44390508,8010428
2024-03-19,Maharashtra,35398454,88601012,3627632
2024-03-20,Gujarat,55645280,84097604,1208611
2024-03-21,Delhi,78070421,51026919,13446874
2024-03-22,Karnataka,76641718,36394250,3006382
2024-03-23,Karnataka,58467593,57500431,9725598
2024-03-24,Gujarat,65334864,61337471,10171050
2024-03-25,Delhi,54641348,78702564,12874832
2024-03-26,Maharashtra,31405390,85986853,14901100
2024-03-27,Maharashtra,51582583,64950928,12872738
2024-03-28,Tamil Nadu,61081626,85628982,5010619
2024-03-29,Karnataka,36972826,42803833,3420479
2024-03-30,Gujarat,35694706,74333397,2826585
2024-03-31,Karnataka,65466974,70248615,2068057
2024-04-01,Tamil Nadu,36302810,88797149,3921459
2024-04-02,Gujarat,45473347,64030120,3067394
2024-04-03,Maharashtra,50039274,41664318,3888069
2024-04-04,Delhi,65244169,41717001,4806980
2024-04-05,Delhi,44581747,35706279,14416921
2024-04-06,Karnataka,72910308,68071064,1996292
2024-04-07,Maharashtra,51979476,64210496,4038889
2024-04-08,Maharashtra,48515753,73967188,13438317
2024-04-09,Delhi,42995091,72640054,8169863
2024-04-10,Tamil Nadu,70371151,47548037,2241836
2024-04-11,Gujarat,55921211,74820254,4273897
2024-04-12,Delhi,35848926,35759677,9741111
2024-04-13,Gujarat,70152874,42829143,14193980
2024-04-14,Gujarat,71615409,55610854,12894952
2024-04-15,Karnataka,47415776,78382249,4638735
2024-04-16,Karnataka,79683234,89251539,14392350
2024-04-17,Tamil Nadu,43885076,71209296,8210488
2024-04-18,Karnataka,45887695,84286870,7566461
2024-04-19,Gujarat,52613010,62281336,11921696
2024-04-20,Maharashtra,73068599,36254739,13182812
2024-04-21,Maharashtra,31517372,65025973,8650905
2024-04-22,Gujarat,37104710,62800838,9308565
2024-04-23,Gujarat,48439584,52503994,8622508
2024-04-24,Delhi,79577039,76656064,12108676
2024-04-25,Gujarat,66906215,68476278,14123063
2024-04-26,Tamil Nadu,43015306,89510459,6363167
2024-04-27,Tamil Nadu,32032240,75724033,14973289
2024-04-28,Karnataka,78747020,44311694,13216957
2024-04-29,Maharashtra,62816785,40374479,10993426
2024-04-30,Delhi,74655210,78317507,11262755
2024-05-01,Maharashtra,53404888,62956821,5567430
2024-05-02,Maharashtra,63588301,35091705,7701304
2024-05-03,Tamil Nadu,46052792,64771847,1482011
2024-05-04,Maharashtra,64245030,79288834,12564598
2024-05-05,Gujarat,52948022,63383306,3971833
2024-05-06,Maharashtra,50458483,83078069,10886022
2024-05-07,Tamil Nadu,50880209,72027701,14210458
2024-05-08,Gujarat,52782128,83827067,6572353
2024-05-09,Karnataka,37074986,58550175,2558552
2024-05-10,Karnataka,39447193,73781080,10723927
2024-05-11,Maharashtra,76550238,59581508,1469199
2024-05-12,Delhi,73994007,38203529,8823172
2024-05-13,Tamil Nadu,64693963,79308726,13870952
2024-05-14,Karnataka,67602881,37318766,5471698
2024-05-15,Karnataka,74689182,44693989,14435463
2024-05-16,Tamil Nadu,45452056,87584059,7361156
2024-05-17,Gujarat,78519450,72056995,1065848
2024-05-18,Gujarat,79320216,42390344,4180304
2024-05-19,Maharashtra,60980369,48731241,1609442
2024-05-20,Maharashtra,40028863,56506846,7340318
2024-05-21,Tamil Nadu,38783212,69936199,14473577
2024-05-22,Gujarat,54421990,63555479,3381132
2024-05-23,Maharashtra,56732853,36957445,6679961
2024-05-24,Tamil Nadu,65792672,88071654,13715175
2024-05-25,Delhi,37330236,77678288,4757378
2024-05-26,Maharashtra,30512726,73036787,10049144
2024-05-27,Maharashtra,59633492,52276791,4025192
2024-05-28,Gujarat,66120006,81401012,1284839
2024-05-29,Tamil Nadu,64684953,61018976,13928050
2024-05-30,Gujarat,54189584,51627670,2489033
2024-05-31,Tamil Nadu,40416012,53758468,8723399
2024-06-01,Karnataka,36731877,68839038,6705601
2024-06-02,Delhi,34119217,89551098,14162675
2024-06-03,Delhi,49429120,57955057,13609850
2024-06-04,Maharashtra,55213035,51520977,10858014
2024-06-05,Delhi,35885647,65511905,6332075
2024-06-06,Tamil Nadu,73169594,45767164,10736388
2024-06-07,Tamil Nadu,33420921,50665198,3649236
2024-06-08,Maharashtra,62405340,86714279,1086795
2024-06-09,Tamil Nadu,37375823,80196337,2727988
2024-06-10,Gujarat,49961566,36348398,9970387
2024-06-11,Tamil Nadu,46132472,67321305,10558030
2024-06-12,Gujarat,33657657,66680435,6112477
2024-06-13,Gujarat,78785097,79747201,2580815
2024-06-14,Tamil Nadu,64923158,76730741,10433552
2024-06-15,Gujarat,40441494,53914047,13520876
2024-06-16,Gujarat,37363249,83576063,5749208
2024-06-17,Karnataka,62649209,36603634,6435044
2024-06-18,Karnataka,64134070,55395085,7372297
2024-06-19,Karnataka,41091245,41309058,2448136
2024-06-20,Tamil Nadu,70733982,71289847,4124756
2024-06-21,Tamil Nadu,35398755,66235754,11390294
2024-06-22,Tamil Nadu,59696707,83804044,2967109
2024-06-23,Karnataka,71085081,68940979,13532968
2024-06-24,Delhi,46823564,40722132,9833706
2024-06-25,Gujarat,71204935,66239344,13899915
2024-06-26,Gujarat,46675892,86937842,2567471
2024-06-27,Tamil Nadu,44932489,71547731,1732274
2024-06-28,Karnataka,78156009,49876659,1082608
2024-06-29,Karnataka,35904119,40450957,10323158
2024-06-30,Maharashtra,52746335,57306482,5432959
2024-07-01,Delhi,64127436,75574876,12314958
2024-07-02,Maharashtra,47019078,73045019,10737971
2024-07-03,Delhi,64382910,53348014,13013925
2024-07-04,Tamil Nadu,69349528,83576645,8903672
2024-07-05,Gujarat,31294510,84348214,12977629
2024-07-06,Maharashtra,64989088,76348943,7078236
2024-07-07,Karnataka,57449238,79250244,8711076
2024-07-08,Delhi,42697392,35673247,4624869
2024-07-09,Gujarat,64931904,85747505,2900328
2024-07-10,Tamil Nadu,74534628,68630155,7454148
2024-07-11,Karnataka,61366887,42097857,8328379
2024-07-12,Maharashtra,52361861,37960996,9191164
2024-07-13,Tamil Nadu,53482301,35026729,4368141
2024-07-14,Maharashtra,40996769,76946978,13408712
2024-07-15,Maharashtra,69080334,86552988,6201885
2024-07-16,Delhi,70448525,88472193,4370578
2024-07-17,Karnataka,38329595,73886165,3432156
2024-07-18,Karnataka,42238670,87594739,3658025
2024-07-19,Tamil Nadu,52927906,60604706,2437962
2024-07-20,Delhi,54087126,62655257,4716621
2024-07-21,Karnataka,35851591,56300267,4007062
2024-07-22,Gujarat,33932438,45273682,4004838
2024-07-23,Karnataka,52704129,89040883,11495373
2024-07-24,Gujarat,48360089,72531344,10207496
2024-07-25,Delhi,51017738,76291511,7692466
2024-07-26,Delhi,63495387,68767580,1570167
2024-07-27,Maharashtra,31704733,72922555,13695096
2024-07-28,Gujarat,50862961,58922967,13899736
2024-07-29,Karnataka,37037898,41972138,7035017
2024-07-30,Delhi,51522473,52837779,9291281
2024-07-31,Tamil Nadu,37683650,88702868,2020495
2024-08-01,Tamil Nadu,47765684,71770105,5149156
2024-08-02,Delhi,39774310,66522774,14248223
2024-08-03,Gujarat,77824883,50147571,1501082
2024-08-04,Tamil Nadu,35722450,63330261,2967457
2024-08-05,Tamil Nadu,32717784,83372309,13224259
2024-08-06,Tamil Nadu,34446399,43904535,7173098
2024-08-07,Maharashtra,63007862,44101929,11413953
2024-08-08,Maharashtra,33298856,63082974,9277119
2024-08-09,Maharashtra,33007886,57839026,11720531
2024-08-10,Maharashtra,36052470,66498972,2684737
2024-08-11,Tamil Nadu,79569916,62551783,14669475
2024-08-12,Maharashtra,61693102,82010228,6651154
2024-08-13,Delhi,71627685,72687346,1578989
2024-08-14,Tamil Nadu,55990970,77383895,1167750
2024-08-15,Karnataka,61407697,56909097,12796490
2024-08-16,Karnataka,42349144,48272735,10144487
2024-08-17,Delhi,71716632,66582220,8170683
2024-08-18,Karnataka,67028526,44615816,14502603
2024-08-19,Delhi,79976142,43202032,7212360
2024-08-20,Tamil Nadu,70392793,44953684,9906043
2024-08-21,Karnataka,35836777,49722412,13297629
2024-08-22,Delhi,37489698,71736142,3762948
2024-08-23,Karnataka,61998489,67707777,13862672
2024-08-24,Gujarat,61716131,46264588,6108063
2024-08-25,Tamil Nadu,75202641,38006359,7179403
2024-08-26,Delhi,41576692,42670040,1733397
2024-08-27,Delhi,41284938,67807235,3448831
2024-08-28,Maharashtra,54271214,88946059,6737577
2024-08-29,Delhi,47847863,42757324,4309577
2024-08-30,Karnataka,61022602,86230311,11954222
2024-08-31,Gujarat,69700144,76317714,4899462
2024-09-01,Delhi,30075350,39946186,10066243
2024-09-02,Gujarat,43789646,87237573,13506573
2024-09-03,Maharashtra,76668388,38703253,2764515
2024-09-04,Gujarat,44223375,73526003,14467131
2024-09-05,Karnataka,36690882,78977129,3556869
2024-09-06,Delhi,43631437,84390770,2241885
2024-09-07,Delhi,76760428,53992951,14045265
2024-09-08,Delhi,67483276,70861706,11154804
2024-09-09,Karnataka,53307234,63997606,5698010
2024-09-10,Gujarat,68542507,42601388,3850512
2024-09-11,Gujarat,59268543,85976132,1442241
2024-09-12,Maharashtra,71758857,82683081,8584594
2024-09-13,Karnataka,77410789,81585148,13521341
2024-09-14,Tamil Nadu,74921680,40802766,8298212
2024-09-15,Maharashtra,42278856,46938512,10212400
2024-09-16,Gujarat,48063709,49985803,8280081
2024-09-17,Delhi,61523032,82870701,12170245
2024-09-18,Gujarat,48745189,80636305,4444800
2024-09-19,Tamil Nadu,53222451,58733841,3211081
2024-09-20,Maharashtra,59378306,77166636,8091247
2024-09-21,Karnataka,60533036,37557680,14683160
2024-09-22,Karnataka,54193601,55375082,11466815
2024-09-23,Tamil Nadu,37598420,59994122,5174114
2024-09-24,Karnataka,41120584,63040045,14819895
2024-09-25,Maharashtra,47216398,49970815,12820259
2024-09-26,Tamil Nadu,51682392,35594717,13216471
2024-09-27,Delhi,61259786,88620289,10558626
2024-09-28,Gujarat,68950736,64631350,1233704
2024-09-29,Delhi,68367250,38274257,12429567
2024-09-30,Delhi,75541923,87159547,2650163
2024-10-01,Gujarat,64292376,77512635,8461944
2024-10-02,Gujarat,63092478,75900166,9896617
2024-10-03,Gujarat,62397899,48407829,13757250
2024-10-04,Karnataka,33281447,47275802,8632129
2024-10-05,Tamil Nadu,58870310,67215006,6880957
2024-10-06,Maharashtra,44276341,39813520,6418722
2024-10-07,Delhi,42125695,39962127,7629668
2024-10-08,Maharashtra,65252186,36422690,12436055
2024-10-09,Karnataka,37717357,77060846,11378907
2024-10-10,Maharashtra,65197635,58689705,14843805
2024-10-11,Gujarat,31913315,42103403,12832289
2024-10-12,Maharashtra,33994113,67609631,2565435
2024-10-13,Gujarat,35587543,66598032,13645494
2024-10-14,Gujarat,39991258,36327778,6623588
2024-10-15,Tamil Nadu,30059028,50514570,2939893
2024-10-16,Gujarat,79590804,49278323,11344227
2024-10-17,Tamil Nadu,33161127,85247362,11831554
2024-10-18,Karnataka,50639849,77897292,9893435
2024-10-19,Maharashtra,34979537,51333830,5329519
2024-10-20,Tamil Nadu,55072723,68306453,2758855
2024-10-21,Tamil Nadu,74076702,63098601,9509167
2024-10-22,Maharashtra,45831028,85820658,10545600
2024-10-23,Karnataka,37481118,65853253,10943484
2024-10-24,Maharashtra,61991096,64687345,2030063
2024-10-25,Karnataka,75687026,42273600,3422101
2024-10-26,Delhi,55796934,44794557,12509170
2024-10-27,Delhi,79400521,83484965,3381759
2024-10-28,Maharashtra,61939847,85215197,4018706
2024-10-29,Karnataka,47668878,53971638,7772767
2024-10-30,Tamil Nadu,74817448,81600123,3674025
2024-10-31,Delhi,33373042,89539246,2418232
2024-11-01,Gujarat,76141045,45033254,1927668
2024-11-02,Maharashtra,68253721,60604142,6412947
2024-11-03,Maharashtra,70536442,44252145,2387697
2024-11-04,Delhi,45384769,35633881,14993002
2024-11-05,Tamil Nadu,60143390,69000301,5781256
2024-11-06,Delhi,51310386,87790726,6110519
2024-11-07,Tamil Nadu,42982562,54260129,11829600
2024-11-08,Karnataka,67671217,45149603,6207556
2024-11-09,Gujarat,58002544,54778549,7752953
2024-11-10,Gujarat,35953067,57447550,1244139
2024-11-11,Maharashtra,31051703,85234684,5897769
2024-11-12,Tamil Nadu,51036051,42682511,10796711
2024-11-13,Delhi,58797296,62655345,2822049
2024-11-14,Maharashtra,76644714,54034055,10654594
2024-11-15,Delhi,53515005,50197189,11845445
2024-11-16,Delhi,40800767,64254477,12904260
2024-11-17,Tamil Nadu,53068188,63331273,13337621
2024-11-18,Karnataka,46171093,52460812,4479676
2024-11-19,Gujarat,72682994,62628917,6660723
2024-11-20,Karnataka,68409460,80122787,6145885
2024-11-21,Tamil Nadu,55369209,76208981,4128073
2024-11-22,Tamil Nadu,44114532,88597004,9002819
2024-11-23,Tamil Nadu,38190878,64263274,12267390
2024-11-24,Gujarat,38865678,69314076,7782148
2024-11-25,Tamil Nadu,49881345,67159305,14032075
2024-11-26,Karnataka,64489718,50236536,9977897
2024-11-27,Karnataka,48902633,48298008,5965127
2024-11-28,Maharashtra,57720187,71295780,12324138
2024-11-29,Tamil Nadu,57872790,60188350,1452349
2024-11-30,Gujarat,64622550,42198493,1940289
2024-12-01,Tamil Nadu,39272435,62392724,10830632
2024-12-02,Karnataka,48635032,38485557,1611886
2024-12-03,Maharashtra,75119756,72984779,10940970
2024-12-04,Maharashtra,59391145,75606232,7081301
2024-12-05,Maharashtra,58308009,55784812,13472694
2024-12-06,Gujarat,66851738,38081024,9287013
2024-12-07,Maharashtra,31829416,55606485,7261911
2024-12-08,Delhi,32338261,76732299,10892249
2024-12-09,Tamil Nadu,68497802,53923575,11315147
2024-12-10,Gujarat,69240689,85882570,11663926
2024-12-11,Delhi,69849600,77182818,1987727
2024-12-12,Gujarat,40652627,74062175,7210440
2024-12-13,Delhi,46899790,67458290,5855410
2024-12-14,Gujarat,62804440,49230851,13192312
2024-12-15,Delhi,53467726,44004926,8913258
2024-12-16,Gujarat,77653061,59139997,7398589
2024-12-17,Delhi,65146451,88335232,13014012
2024-12-18,Maharashtra,63596674,68632603,3482324
2024-12-19,Karnataka,30753570,82148055,11388395
2024-12-20,Maharashtra,50227594,62250698,3162708
2024-12-21,Maharashtra,33984477,48915715,13293408
2024-12-22,Tamil Nadu,51342683,72055652,11000906
2024-12-23,Karnataka,47597128,69435032,10490457
2024-12-24,Delhi,57799425,71797984,1500019
2024-12-25,Maharashtra,50957919,42144007,10231422
2024-12-26,Tamil Nadu,40153664,49704455,12474834
2024-12-27,Karnataka,73277608,43058781,3028371
2024-12-28,Delhi,55749082,76648439,7980129
2024-12-29,Gujarat,36766335,85194055,13900442
2024-12-30,Gujarat,49738729,88664935,6374692
2024-12-31,Gujarat,33865883,57802780,2584305
2025-01-01,Tamil Nadu,48935971,80965647,13273453
2025-01-02,Karnataka,72797460,53054940,9594542
2025-01-03,Tamil Nadu,39938963,88742390,12160015
2025-01-04,Karnataka,59087558,56834740,2423210
2025-01-05,Maharashtra,34788020,47373984,1412388
2025-01-06,Karnataka,75706973,62362060,5237040
2025-01-07,Delhi,41924566,35369302,11147210
2025-01-08,Maharashtra,56295961,40230466,13808585
2025-01-09,Delhi,65742210,39136345,8279563
2025-01-10,Delhi,60422318,75250077,4471447
2025-01-11,Delhi,47005289,35716195,10577838
2025-01-12,Tamil Nadu,62816823,68560040,1215182
2025-01-13,Maharashtra,39183152,66173212,3999947
2025-01-14,Delhi,67962293,48417613,12038736
2025-01-15,Gujarat,40318641,79796340,8425834
2025-01-16,Gujarat,43525284,56518809,1861060
2025-01-17,Tamil Nadu,51777162,80431691,13341576
2025-01-18,Tamil Nadu,54897853,50134985,1507124
2025-01-19,Karnataka,41536338,50647805,10517031
2025-01-20,Gujarat,75398335,61132086,7274285
2025-01-21,Karnataka,35994102,84383382,4904575
2025-01-22,Tamil Nadu,42240441,69867696,5023210
2025-01-23,Maharashtra,60909815,84680352,1821352
2025-01-24,Tamil Nadu,44223562,81567334,7001048
2025-01-25,Gujarat,75068776,42078618,12232903
2025-01-26,Karnataka,66960706,47207699,9790855
2025-01-27,Karnataka,36072592,87779024,7478538
2025-01-28,Karnataka,33409029,47555567,3199566
2025-01-29,Maharashtra,46432851,44437255,4651166
2025-01-30,Delhi,35649146,55318629,2905270
2025-01-31,Delhi,49371712,50692398,14389181
2025-02-01,Delhi,70098218,50032938,10123867
2025-02-02,Gujarat,78088594,76244069,11225271
2025-02-03,Maharashtra,31632705,73672573,1981571
2025-02-04,Maharashtra,30793459,66376400,11913021
2025-02-05,Gujarat,43031008,55762010,4257691
2025-02-06,Tamil Nadu,72337284,61841924,8363177
2025-02-07,Gujarat,72810676,66948263,11402872
2025-02-08,Maharashtra,66542610,78695128,1360308
2025-02-09,Karnataka,70013844,39425707,10905798
2025-02-10,Maharashtra,77478161,57838901,10135782
2025-02-11,Maharashtra,33043223,78141821,6324441
2025-02-12,Maharashtra,56413696,66532160,1735536
2025-02-13,Karnataka,73048344,37704931,8698137
2025-02-14,Tamil Nadu,66185932,67596082,6655653
2025-02-15,Delhi,72974935,57026527,9073278
2025-02-16,Gujarat,65516069,75262520,7543857
2025-02-17,Gujarat,44954262,67481847,1123745
2025-02-18,Delhi,44314631,81750820,9031351
2025-02-19,Tamil Nadu,65077586,81357562,13081497
2025-02-20,Karnataka,33836553,46064429,12211602
2025-02-21,Maharashtra,38126890,48585263,2279112
2025-02-22,Karnataka,74302082,51404644,1432890
2025-02-23,Delhi,34555813,54960058,3961890
2025-02-24,Maharashtra,47141091,63311795,11516976
2025-02-25,Tamil Nadu,64646014,40594793,8507846
2025-02-26,Karnataka,69015977,42785509,11016428
2025-02-27,Maharashtra,75090408,56133338,1456630
2025-02-28,Karnataka,42576140,56137773,10261255
2025-03-01,Tamil Nadu,70812362,81988736,10645910
2025-03-02,Tamil Nadu,68214720,67850452,4730704
2025-03-03,Gujarat,55627434,67412541,2360656
2025-03-04,Maharashtra,46264678,36633413,3824467
2025-03-05,Delhi,70625987,57000012,1605538
2025-03-06,Maharashtra,58505788,44558021,12242800
2025-03-07,Delhi,30202953,41380035,7147063
2025-03-08,Delhi,70516122,71792093,12959108
2025-03-09,Delhi,76471255,52098933,2190885
2025-03-10,Gujarat,34762406,61543011,4037022
2025-03-11,Karnataka,39515286,82635787,9857192
2025-03-12,Karnataka,71935926,80837584,10241167
2025-03-13,Delhi,47179189,79804538,2008999
2025-03-14,Gujarat,39750860,37942862,14114248
2025-03-15,Maharashtra,64444760,56511490,3754837
2025-03-16,Gujarat,46238878,36226460,13004736
2025-03-17,Gujarat,35053343,78961592,13620664
2025-03-18,Gujarat,76506071,72018484,9419064
2025-03-19,Tamil Nadu,64406276,57819052,6992623
2025-03-20,Tamil Nadu,69033995,44348870,5979479
2025-03-21,Karnataka,40356437,76127665,13375458
2025-03-22,Gujarat,73455713,37865396,6946421
2025-03-23,Delhi,62845921,71022349,4473258
2025-03-24,Tamil Nadu,33166371,84835603,7979329
2025-03-25,Maharashtra,45412643,53795045,4956510
2025-03-26,Karnataka,39796662,53794009,2608995
2025-03-27,Tamil Nadu,49700954,53873792,13809645
2025-03-28,Gujarat,40417399,83318736,7198141
2025-03-29,Karnataka,71228454,81387389,3988111
2025-03-30,Karnataka,48480251,46285393,1748875
2025-03-31,Gujarat,48920835,55893247,7520805
2025-04-01,Delhi,43538245,56436930,9325360
2025-04-02,Gujarat,43904300,43638018,6286770
2025-04-03,Karnataka,79787716,73943229,5309519
2025-04-04,Tamil Nadu,67751354,74775346,9008782
2025-04-05,Karnataka,76530942,61006940,2601158
2025-04-06,Gujarat,48790726,44325936,4499960
2025-04-07,Maharashtra,32401806,46701803,9881549
2025-04-08,Tamil Nadu,78380463,55309961,5923425
2025-04-09,Maharashtra,73219129,76209836,3412742
2025-04-10,Karnataka,41868562,65187826,3926853
2025-04-11,Karnataka,60991434,35248788,7924578
2025-04-12,Tamil Nadu,61803072,77556439,5696367
2025-04-13,Tamil Nadu,56941650,39833995,4400477
2025-04-14,Tamil Nadu,68233880,57690131,7634826
2025-04-15,Delhi,48347594,77809343,11599583
2025-04-16,Tamil Nadu,53392997,61195632,12539668
2025-04-17,Maharashtra,68601485,39926691,10941363
2025-04-18,Delhi,65002917,72437237,13001674
2025-04-19,Tamil Nadu,43921857,59405280,13337309
2025-04-20,Gujarat,51067924,85521754,7136386
2025-04-21,Delhi,44251963,44804548,10921373
2025-04-22,Gujarat,44464589,74757531,2644148
2025-04-23,Tamil Nadu,52880007,67464873,6091666
2025-04-24,Maharashtra,49196916,68834975,8259577
2025-04-25,Gujarat,33875078,81888508,7234071
2025-04-26,Maharashtra,70165437,46155639,2409839
2025-04-27,Karnataka,57721035,46154512,5261079
2025-04-28,Delhi,39146139,42563803,14884850
2025-04-29,Tamil Nadu,33403689,57336659,10561678
2025-04-30,Delhi,75923855,80084659,8548305
2025-05-01,Karnataka,46983021,75126272,7236190
2025-05-02,Tamil Nadu,78890143,43926783,1144970
2025-05-03,Tamil Nadu,44663602,62903481,8520662
2025-05-04,Tamil Nadu,73144024,43063245,4664858
2025-05-05,Maharashtra,73070158,67366714,14912710
2025-05-06,Maharashtra,36034467,47465687,2278286
2025-05-07,Delhi,49235949,54372490,6433211
2025-05-08,Maharashtra,33142397,51451572,12635109
2025-05-09,Delhi,69121397,59468086,3832884
2025-05-10,Maharashtra,60656163,63529916,3301768
2025-05-11,Maharashtra,47432572,88201095,1831669
2025-05-12,Gujarat,46759788,49463094,14860558
2025-05-13,Tamil Nadu,78238646,65841938,7791147
2025-05-14,Karnataka,59176931,76220134,12606134
2025-05-15,Delhi,56401666,49906963,14482802
2025-05-16,Maharashtra,64634979,81937246,12287846
2025-05-17,Gujarat,38467611,76982888,5195758
2025-05-18,Gujarat,37071626,38721372,6695312
2025-05-19,Tamil Nadu,57447905,71614199,14849598
2025-05-20,Tamil Nadu,68640420,85104147,3387503
2025-05-21,Gujarat,69293037,40655065,9650014
2025-05-22,Maharashtra,46049841,60180405,1268260
2025-05-23,Gujarat,79359914,79586207,2059076
2025-05-24,Maharashtra,77086832,60207860,8763953
2025-05-25,Tamil Nadu,61539082,60422951,9703352
2025-05-26,Karnataka,59439310,88746199,14165710
2025-05-27,Karnataka,51212918,39791711,11448997
2025-05-28,Karnataka,43990992,58309627,10831171
2025-05-29,Delhi,46803519,88548958,4557758
2025-05-30,Maharashtra,56491092,66723800,10353878
2025-05-31,Tamil Nadu,66760576,82019313,1913812
2025-06-01,Maharashtra,78958976,44701204,5894996
2025-06-02,Gujarat,54499956,39710545,6203912
2025-06-03,Karnataka,43042178,51091699,9299754
2025-06-04,Maharashtra,51654975,77460097,7704090
2025-06-05,Maharashtra,76668312,67842234,4023199
2025-06-06,Delhi,31747090,82459035,6060367
2025-06-07,Tamil Nadu,71067004,58730460,4916247
2025-06-08,Delhi,61970142,44862228,6642369
2025-06-09,Delhi,60446107,44577197,2296918
2025-06-10,Delhi,52011991,79997798,2715768
2025-06-11,Delhi,50242697,76988898,11967894
2025-06-12,Tamil Nadu,77138123,58490406,3513682
2025-06-13,Gujarat,65965160,80292058,3242309
2025-06-14,Gujarat,48432957,47088949,4115419
2025-06-15,Delhi,39020265,83939035,2548133
2025-06-16,Delhi,75780606,38471689,10784688
2025-06-17,Gujarat,53812679,80359342,7771118
2025-06-18,Tamil Nadu,48209713,77353234,4949072
2025-06-19,Tamil Nadu,76913160,85331776,12456938
2025-06-20,Gujarat,55224376,59747659,14409099
2025-06-21,Karnataka,62876966,44273611,5692522
2025-06-22,Maharashtra,43019339,88122009,4437049
